"Post Unique Reference","Name","Grade (or equivalent)","Job Title","Job/Team Function","Parent Department","Organisation","Unit","Contact Phone","Contact E-mail","Reports to Senior Post","Salary Cost of Reports (£)","FTE","Actual Pay Floor (£)","Actual Pay Ceiling (£)","","Professional/Occupational Group","Office Region","Notes","Valid?"
"OD101","John-Paul Marks","SCS4","Chief Executive and First Permanent Secretary.","Chief Executive and First Permanent Secretary.","HM Revenue and Customs","HM Revenue and Customs","Permanent Secretary Office","0300 200 3300","contactUs@hmrc.gov.uk","XX","1451816","1.00","200000","200000","","Operational Delivery Profession","Scotland","nan","1.00"
"OD102","Angela MacDonald","SCS4","Second Permanent Secretary","Second Permanent Secretary","HM Revenue and Customs","HM Revenue and Customs","Permanent Secretary Office","0300 200 3300","contactUs@hmrc.gov.uk","OD101","620403","1.00","180000","180000","","Operational Delivery Profession","Yorkshire and The Humber","Reporting To Costs Escalated to OD101","1.00"
"OD103","Myrtle Lloyd","SCS3","Director General Customer Services Group","Director General Customer Services Group","HM Revenue and Customs","HM Revenue and Customs","Customer Services","0300 200 3300","contactUs@hmrc.gov.uk","OD102","1452298","1.00","150000","150000","","Other","North West","nan","1.00"
"OD105","Justin Holliday","SCS3","Chief Finance Officer","Chief Finance Officer","HM Revenue and Customs","HM Revenue and Customs","Chief Finance Officer Group","0300 200 3300","contactUs@hmrc.gov.uk","OD101","6991158","1.00","190000","190000","","Government Finance Profession","London","nan","1.00"
"OD106","Penny Ciniewicz","SCS3","Director General Customer Compliance Group","Director General Customer Compliance Group","HM Revenue and Customs","HM Revenue and Customs","Customer Compliance","0300 200 3300","contactUs@hmrc.gov.uk","OD102","3500494","1.00","160000","160000","","Operational Delivery Profession","London","nan","1.00"
"OD107","Daljit Rehal","SCS3","Director General Chief Digital & Information Officer","Director General Chief Digital & Information Officer","HM Revenue and Customs","HM Revenue and Customs","Chief Digital & Information Officer","0300 200 3300","contactUs@hmrc.gov.uk","OD101","2049550","1.00","205000","205000","","Digital, Data and Technology Professions","London","nan","1.00"
"OD108","Helen Pickles","SCS3","Chief People Officer","Chief People Officer","HM Revenue and Customs","HM Revenue and Customs","People and Place Group","0300 200 3300","contactUs@hmrc.gov.uk","OD101","2530493","1.00","160000","160000","","Human Resources Profession","Yorkshire and The Humber","nan","1.00"
"OD109","Jonathan Athow","SCS3","Director General Customer Strategy & Tax Design","Director General Customer Strategy & Tax Design","HM Revenue and Customs","HM Revenue and Customs","Customer Strategy & Tax Design","0300 200 3300","contactUs@hmrc.gov.uk","OD101","1495948","1.00","150000","150000","","Other","London","nan","1.00"
"OD110","Alan Evans","SCS3","General Counsel & Solicitor","General Counsel & Solicitor","HM Revenue and Customs","HM Revenue and Customs","Legal","0300 200 3300","contactUs@hmrc.gov.uk","OD101","460232","1.00","160000","160000","","Government Legal Profession","London","Reporting To Costs Escalated to OD101","1.00"
"OD112","N/D","SCS1","Deputy Director Borders Customer & Design","Deputy Director Borders Customer & Design","HM Revenue and Customs","HM Revenue and Customs","Enterprise Transformation Group","0300 200 3300","contactUs@hmrc.gov.uk","OD705","4222643","0.92","N/A","N/A","","Policy Profession","North West","nan","1.00"
"OD113","N/D","SCS1","Deputy Director Tax credits and Child Benefit Policy","Deputy Director Tax credits and Child Benefit Policy","HM Revenue and Customs","HM Revenue and Customs","Customer Strategy & Tax Design","0300 200 3300","contactUs@hmrc.gov.uk","OD369","2031292","1.00","N/A","N/A","","Policy Profession","London","nan","1.00"
"OD114","N/D","SCS1","DD Large Business Compliance","DD Large Business Compliance","HM Revenue and Customs","HM Revenue and Customs","Customer Compliance","0300 200 3300","contactUs@hmrc.gov.uk","OD193","0","1.00","N/A","N/A","","Government Tax Profession","London","nan","1.00"
"OD117","Vacant","SCS1","Director Benefits & Credits Operations","Director Benefits & Credits Operations","HM Revenue and Customs","HM Revenue and Customs","Customer Services","N/A","N/A","OD101","0","1.00","N/A","N/A","","Other","Unknown","Post became vacant on 01/08/2025","1.00"
"OD121","N/D","SCS1","Deputy Director Making Tax Digital – Data","Deputy Director Making Tax Digital – Data","HM Revenue and Customs","HM Revenue and Customs","Change Delivery Group","0300 200 3300","contactUs@hmrc.gov.uk","OD151","1177187","1.00","N/A","N/A","","Project Delivery Profession","North West","nan","1.00"
"OD122","N/D","SCS1","Deputy Director  Making Tax Digital – Change Readiness","Deputy Director  Making Tax Digital – Change Readiness","HM Revenue and Customs","HM Revenue and Customs","Change Delivery Group","0300 200 3300","contactUs@hmrc.gov.uk","OD151","2433888","1.00","N/A","N/A","","Project Delivery Profession","Scotland","nan","1.00"
"OD127","N/D","SCS1","DD Financial Products & Services Team","DD Financial Products & Services Team","HM Revenue and Customs","HM Revenue and Customs","Customer Strategy & Tax Design","0300 200 3300","contactUs@hmrc.gov.uk","OD136","1798704","1.00","N/A","N/A","","Government Tax Profession","London","nan","1.00"
"OD131","N/D","SCS1","Deputy Director – Corporation Tax Innovation and Growth","Deputy Director – Corporation Tax Innovation and Growth","HM Revenue and Customs","HM Revenue and Customs","Customer Strategy & Tax Design","0300 200 3300","contactUs@hmrc.gov.uk","OD136","2369545","1.00","N/A","N/A","","Government Tax Profession","London","nan","1.00"
"OD133","N/D","SCS1","Head of International Relations & Capability Building","Head of International Relations & Capability Building","HM Revenue and Customs","HM Revenue and Customs","Customer Strategy & Tax Design","0300 200 3300","contactUs@hmrc.gov.uk","OD136","3849227","1.00","N/A","N/A","","Policy Profession","London","nan","1.00"
"OD136","Jon Sherman","SCS2","Director for Business , Assets & International","Director for Business , Assets & International","HM Revenue and Customs","HM Revenue and Customs","Customer Strategy & Tax Design","0300 200 3300","contactUs@hmrc.gov.uk","OD109","2207859","0.60","115000","115000","","Government Tax Profession","London","Jobshare","1.00"
"OD136","Elizabeth Arnold","SCS2","Director for Business , Assets & International","Director for Business , Assets & International","HM Revenue and Customs","HM Revenue and Customs","Customer Strategy & Tax Design","0300 200 3300","contactUs@hmrc.gov.uk","OD109","2207859","1.00","110000","110000","","Government Tax Profession","London","Jobshare","1.00"
"OD137","N/D","SCS1","Deputy Director - Customs International","Deputy Director - Customs International","HM Revenue and Customs","HM Revenue and Customs","Borders & Trade","0300 200 3300","contactUs@hmrc.gov.uk","OD618","1777280","1.00","N/A","N/A","","Policy Profession","London","nan","1.00"
"OD140","N/D","SCS1","Deputy Director CT Structure","Deputy Director CT Structure","HM Revenue and Customs","HM Revenue and Customs","Customer Strategy & Tax Design","0300 200 3300","contactUs@hmrc.gov.uk","OD136","2985038","1.00","N/A","N/A","","Government Tax Profession","London","nan","1.00"
"OD141","N/D","SCS1","DD International Tax Policy & Structure","DD International Tax Policy & Structure","HM Revenue and Customs","HM Revenue and Customs","Customer Strategy & Tax Design","0300 200 3300","contactUs@hmrc.gov.uk","OD136","1658304","1.00","N/A","N/A","","Government Tax Profession","London","nan","1.00"
"OD143","N/D","SCS1","Head of Business Profits","Head of Business Profits","HM Revenue and Customs","HM Revenue and Customs","Customer Strategy & Tax Design","0300 200 3300","contactUs@hmrc.gov.uk","OD136","2003653","1.00","N/A","N/A","","Policy Profession","London","nan","1.00"
"OD144","N/D","SCS1","Deputy Director Transfer Pricing","Deputy Director Transfer Pricing","HM Revenue and Customs","HM Revenue and Customs","Customer Strategy & Tax Design","0300 200 3300","contactUs@hmrc.gov.uk","OD136","2614329","1.00","N/A","N/A","","Government Tax Profession","West Midlands","nan","1.00"
"OD146","Vacant","SCS1","Head of Customer Design and Journey Team","Head of Customer Design and Journey Team","HM Revenue and Customs","HM Revenue and Customs","Enterprise Transformation Group","N/A","N/A","OD101","0","1.00","N/A","N/A","","Other","Unknown","Post became vacant on 22/12/2025","1.00"
"OD148","N/D","SCS1","Deputy Director Strategy Development","Deputy Director Strategy Development","HM Revenue and Customs","HM Revenue and Customs","Customer Strategy & Tax Design","0300 200 3300","contactUs@hmrc.gov.uk","OD606","2046730","1.00","N/A","N/A","","Government Tax Profession","London","nan","1.00"
"OD151","Craig Ogilvie","SCS2","Programme Director - Making Tax Digital (Business)","Programme Director - Making Tax Digital (Business)","HM Revenue and Customs","HM Revenue and Customs","Change Delivery Group","0300 200 3300","contactUs@hmrc.gov.uk","OD989","648201","1.00","115000","115000","","Project Delivery Profession","Scotland","nan","1.00"
"OD153","N/D","SCS1","Deputy Director Customer Journey","Deputy Director Customer Journey","HM Revenue and Customs","HM Revenue and Customs","Customer Services","0300 200 3300","contactUs@hmrc.gov.uk","OD230","3384221","1.00","N/A","N/A","","Operational Delivery Profession","Scotland","nan","1.00"
"OD155","N/D","SCS1","Deputy Director for Excise & Environmental Taxes (Delivery)","Deputy Director for Excise & Environmental Taxes (Delivery)","HM Revenue and Customs","HM Revenue and Customs","Customer Strategy & Tax Design","0300 200 3300","contactUs@hmrc.gov.uk","OD722","3067317","1.00","N/A","N/A","","Government Tax Profession","North West","nan","1.00"
"OD159","N/D","SCS1","Deputy Director Classification, Origin, Valuation & Tariff","Deputy Director Classification, Origin, Valuation & Tariff","HM Revenue and Customs","HM Revenue and Customs","Borders & Trade","0300 200 3300","contactUs@hmrc.gov.uk","OD618","4720250","1.00","N/A","N/A","","Policy Profession","London","nan","1.00"
"OD162","N/D","SCS1","Head of Stamp Taxes","Head of Stamp Taxes","HM Revenue and Customs","HM Revenue and Customs","Customer Strategy & Tax Design","0300 200 3300","contactUs@hmrc.gov.uk","OD136","1148087","1.00","N/A","N/A","","Government Tax Profession","West Midlands","nan","1.00"
"OD163","N/D","SCS1","Deputy Director for Excise & Environmental Taxes (Design)","Deputy Director for Excise & Environmental Taxes (Design)","HM Revenue and Customs","HM Revenue and Customs","Customer Strategy & Tax Design","0300 200 3300","contactUs@hmrc.gov.uk","OD722","3070418","1.00","N/A","N/A","","Policy Profession","North West","nan","1.00"
"OD164","N/D","SCS1","Customer Strategy and Tax Design Finance","Customer Strategy and Tax Design Finance","HM Revenue and Customs","HM Revenue and Customs","Customer Strategy & Tax Design","0300 200 3300","contactUs@hmrc.gov.uk","OD109","2664947","1.00","N/A","N/A","","Government Finance Profession","London","nan","1.00"
"OD165","N/D","SCS1","HR Director Human Resources & Comms","HR Director Human Resources & Comms","HM Revenue and Customs","HM Revenue and Customs","People and Place Group","0300 200 3300","contactUs@hmrc.gov.uk","OD108","782143","0.80","N/A","N/A","","Human Resources Profession","London","nan","1.00"
"OD167","N/D","SCS1","DD Large Business Compliance","DD Large Business Compliance","HM Revenue and Customs","HM Revenue and Customs","Customer Compliance","0300 200 3300","contactUs@hmrc.gov.uk","OD193","0","1.00","N/A","N/A","","Government Tax Profession","London","nan","1.00"
"OD170","N/D","SCS1","DD Large Business Compliance","DD Large Business Compliance","HM Revenue and Customs","HM Revenue and Customs","Customer Compliance","0300 200 3300","contactUs@hmrc.gov.uk","OD193","0","1.00","N/A","N/A","","Policy Profession","London","nan","1.00"
"OD172","N/D","SCS1","Head of Function – Transformation & Change","Head of Function – Transformation & Change","HM Revenue and Customs","HM Revenue and Customs","Customer Compliance","0300 200 3300","contactUs@hmrc.gov.uk","OD185","1577692","1.00","N/A","N/A","","Government Tax Profession","North East","nan","1.00"
"OD174","N/D","SCS1","DD Large Business Compliance London","DD Large Business Compliance London","HM Revenue and Customs","HM Revenue and Customs","Customer Compliance","0300 200 3300","contactUs@hmrc.gov.uk","OD193","0","1.00","N/A","N/A","","Government Tax Profession","London","nan","1.00"
"OD175","N/D","SCS1","DD Large Business Compliance Scotland and Northern Ireland","DD Large Business Compliance Scotland and Northern Ireland","HM Revenue and Customs","HM Revenue and Customs","Customer Compliance","0300 200 3300","contactUs@hmrc.gov.uk","OD532","0","1.00","N/A","N/A","","Government Tax Profession","Scotland","nan","1.00"
"OD176","Vacant","SCS1","DD Large Business Compliance","DD Large Business Compliance","HM Revenue and Customs","HM Revenue and Customs","Customer Compliance","N/A","N/A","OD101","0","1.00","N/A","N/A","","Other","Unknown","Post became vacant on 10/03/2026","1.00"
"OD177","N/D","SCS1","DD Large Business Compliance","DD Large Business Compliance","HM Revenue and Customs","HM Revenue and Customs","Customer Compliance","0300 200 3300","contactUs@hmrc.gov.uk","OD220","0","1.00","N/A","N/A","","Government Tax Profession","South West","nan","1.00"
"OD178","N/D","SCS1","DD Large Business Compliance","DD Large Business Compliance","HM Revenue and Customs","HM Revenue and Customs","Customer Compliance","0300 200 3300","contactUs@hmrc.gov.uk","OD206","0","1.00","N/A","N/A","","Government Tax Profession","North West","nan","1.00"
"OD180","Vacant","SCS1","LB Deputy Director Midlands","LB Deputy Director Midlands","HM Revenue and Customs","HM Revenue and Customs","Customer Compliance","N/A","N/A","OD101","0","1.00","N/A","N/A","","Other","Unknown","Post became vacant on 01/04/2026","1.00"
"OD181","N/D","SCS1","DD Large Business Compliance","DD Large Business Compliance","HM Revenue and Customs","HM Revenue and Customs","Customer Compliance","0300 200 3300","contactUs@hmrc.gov.uk","OD206","355630","1.00","N/A","N/A","","Government Tax Profession","North West","Jobshare","1.00"
"OD181","N/D","SCS1","DD Large Business Compliance","DD Large Business Compliance","HM Revenue and Customs","HM Revenue and Customs","Customer Compliance","0300 200 3300","contactUs@hmrc.gov.uk","OD206","355630","0.49","N/A","N/A","","Government Tax Profession","North West","Jobshare","1.00"
"OD182","N/D","SCS1","DD Large Business Compliance","DD Large Business Compliance","HM Revenue and Customs","HM Revenue and Customs","Customer Compliance","0300 200 3300","contactUs@hmrc.gov.uk","OD1156","0","1.00","N/A","N/A","","Government Tax Profession","West Midlands","nan","1.00"
"OD184","N/D","SCS1","DD Large Business Compliance","DD Large Business Compliance","HM Revenue and Customs","HM Revenue and Customs","Customer Compliance","0300 200 3300","contactUs@hmrc.gov.uk","OD206","0","1.00","N/A","N/A","","Government Tax Profession","North West","nan","1.00"
"OD185","N/D","SCS1","Deputy Director LB National Compliance","Deputy Director LB National Compliance","HM Revenue and Customs","HM Revenue and Customs","Customer Compliance","0300 200 3300","contactUs@hmrc.gov.uk","OD204","3935285","1.00","N/A","N/A","","Government Tax Profession","London","nan","1.00"
"OD188","N/D","SCS1","DD for LB People, Performance & Change","DD for LB People, Performance & Change","HM Revenue and Customs","HM Revenue and Customs","Customer Compliance","0300 200 3300","contactUs@hmrc.gov.uk","OD204","0","1.00","N/A","N/A","","Government Tax Profession","Northern Ireland","nan","1.00"
"OD189","N/D","SCS1","Deputy Director – Large Business North East & Yorkshire","Deputy Director – Large Business North East & Yorkshire","HM Revenue and Customs","HM Revenue and Customs","Customer Compliance","0300 200 3300","contactUs@hmrc.gov.uk","OD204","23059222","0.86","N/A","N/A","","Government Tax Profession","Yorkshire and The Humber","nan","1.00"
"OD190","Vacant","SCS1","DD Large Business Compliance","DD Large Business Compliance","HM Revenue and Customs","HM Revenue and Customs","Customer Compliance","N/A","N/A","OD101","0","1.00","N/A","N/A","","Other","Unknown","Post became vacant on 19/11/2025","1.00"
"OD192","N/D","SCS1","DD Large Business Compliance","DD Large Business Compliance","HM Revenue and Customs","HM Revenue and Customs","Customer Compliance","0300 200 3300","contactUs@hmrc.gov.uk","OD532","0","1.00","N/A","N/A","","Government Tax Profession","Northern Ireland","nan","1.00"
"OD193","N/D","SCS1","Deputy Director Large Business London","Deputy Director Large Business London","HM Revenue and Customs","HM Revenue and Customs","Customer Compliance","0300 200 3300","contactUs@hmrc.gov.uk","OD204","20698728","1.00","N/A","N/A","","Policy Profession","London","nan","1.00"
"OD194","Vacant","SCS1","DD Large Business Compliance","DD Large Business Compliance","HM Revenue and Customs","HM Revenue and Customs","Customer Compliance","N/A","N/A","OD101","0","1.00","N/A","N/A","","Other","Unknown","Post became vacant on 01/04/2026","1.00"
"OD196","N/D","SCS1","DD Large Business Compliance","DD Large Business Compliance","HM Revenue and Customs","HM Revenue and Customs","Customer Compliance","0300 200 3300","contactUs@hmrc.gov.uk","OD189","0","1.00","N/A","N/A","","Government Tax Profession","North East","nan","1.00"
"OD197","N/D","SCS1","Deputy Director Large Business Compliance","Deputy Director Large Business Compliance","HM Revenue and Customs","HM Revenue and Customs","Customer Compliance","0300 200 3300","contactUs@hmrc.gov.uk","OD220","0","1.00","N/A","N/A","","Government Tax Profession","South West","nan","1.00"
"OD198","Vacant","SCS1","DD Large Business Compliance","DD Large Business Compliance","HM Revenue and Customs","HM Revenue and Customs","Customer Compliance","N/A","N/A","OD101","0","1.00","N/A","N/A","","Other","Unknown","Post became vacant on 19/11/2025","1.00"
"OD199","N/D","SCS1","DD Large Business Compliance","DD Large Business Compliance","HM Revenue and Customs","HM Revenue and Customs","Customer Compliance","0300 200 3300","contactUs@hmrc.gov.uk","OD220","0","0.80","N/A","N/A","","Government Tax Profession","South West","nan","1.00"
"OD200","Vacant","SCS1","Deputy Director -  Large Business Digital, Change & Anyaltics","Deputy Director -  Large Business Digital, Change & Anyaltics","HM Revenue and Customs","HM Revenue and Customs","Customer Compliance","N/A","N/A","OD101","0","1.00","N/A","N/A","","Other","Unknown","Post became vacant on 22/12/2025","1.00"
"OD203","N/D","SCS1","DD Large Business Compliance","DD Large Business Compliance","HM Revenue and Customs","HM Revenue and Customs","Customer Compliance","0300 200 3300","contactUs@hmrc.gov.uk","OD189","0","1.00","N/A","N/A","","Other","Yorkshire and The Humber","nan","1.00"
"OD204","Nicole Newbury","SCS2","Director Large Business","Director Large Business","HM Revenue and Customs","HM Revenue and Customs","Customer Compliance","0300 200 3300","contactUs@hmrc.gov.uk","OD106","994720","1.00","115000","115000","","Government Tax Profession","West Midlands","nan","1.00"
"OD206","N/D","SCS1","Large Business North West - Deputy Director","Large Business North West - Deputy Director","HM Revenue and Customs","HM Revenue and Customs","Customer Compliance","0300 200 3300","contactUs@hmrc.gov.uk","OD204","18822813","1.00","N/A","N/A","","Government Tax Profession","North West","nan","1.00"
"OD207","N/D","SCS1","DD Large Business Compliance","DD Large Business Compliance","HM Revenue and Customs","HM Revenue and Customs","Customer Compliance","0300 200 3300","contactUs@hmrc.gov.uk","OD193","0","1.00","N/A","N/A","","Government Tax Profession","London","nan","1.00"
"OD208","N/D","SCS1","DD Large Business Compliance","DD Large Business Compliance","HM Revenue and Customs","HM Revenue and Customs","Customer Compliance","0300 200 3300","contactUs@hmrc.gov.uk","OD1156","0","1.00","N/A","N/A","","Government Tax Profession","East Midlands","nan","1.00"
"OD209","N/D","SCS1","DD Large Business Compliance","DD Large Business Compliance","HM Revenue and Customs","HM Revenue and Customs","Customer Compliance","0300 200 3300","contactUs@hmrc.gov.uk","OD1156","0","1.00","N/A","N/A","","Government Tax Profession","West Midlands","nan","1.00"
"OD214","N/D","SCS1","DD Large Business Compliance","DD Large Business Compliance","HM Revenue and Customs","HM Revenue and Customs","Customer Compliance","0300 200 3300","contactUs@hmrc.gov.uk","OD532","0","0.81","N/A","N/A","","Government Tax Profession","Scotland","nan","1.00"
"OD219","N/D","SCS1","Deputy Director Head of Function Large Business Compliance Policy and Strategy","Deputy Director Head of Function Large Business Compliance Policy and Strategy","HM Revenue and Customs","HM Revenue and Customs","Customer Compliance","0300 200 3300","contactUs@hmrc.gov.uk","OD185","2505589","1.00","N/A","N/A","","Policy Profession","London","nan","1.00"
"OD220","N/D","SCS1","Deputy Director - Large Business South & Wales","Deputy Director - Large Business South & Wales","HM Revenue and Customs","HM Revenue and Customs","Customer Compliance","0300 200 3300","contactUs@hmrc.gov.uk","OD204","20335224","1.00","N/A","N/A","","Government Tax Profession","South West","nan","1.00"
"OD221","N/D","SCS1","DD Large Business Compliance","DD Large Business Compliance","HM Revenue and Customs","HM Revenue and Customs","Customer Compliance","0300 200 3300","contactUs@hmrc.gov.uk","OD532","0","1.00","N/A","N/A","","Government Tax Profession","Scotland","nan","1.00"
"OD226","N/D","SCS1","Deputy Director for VAT Principles & Risk","Deputy Director for VAT Principles & Risk","HM Revenue and Customs","HM Revenue and Customs","Customer Strategy & Tax Design","0300 200 3300","contactUs@hmrc.gov.uk","OD722","2573720","1.00","N/A","N/A","","Government Tax Profession","London","nan","1.00"
"OD227","Eliminated","SCS1","Deputy Director Capabilities Owner: Create and Maintain Master Customer Records","Deputy Director Capabilities Owner: Create and Maintain Master Customer Records","HM Revenue and Customs","HM Revenue and Customs","Customer Strategy & Tax Design","N/A","N/A","OD101","0","1.00","N/A","N/A","","Other","Unknown","Post eliminated from 09/01/2026","1.00"
"OD229","N/D","SCS1","Deputy Director of VAT Fraud & Transition Readiness","Deputy Director of VAT Fraud & Transition Readiness","HM Revenue and Customs","HM Revenue and Customs","Customer Strategy & Tax Design","0300 200 3300","contactUs@hmrc.gov.uk","OD722","1685270","1.00","N/A","N/A","","Policy Profession","London","nan","1.00"
"OD230","Claire Walsh","SCS2","Director Customer Insight & Design Directorate","Director Customer Insight & Design Directorate","HM Revenue and Customs","HM Revenue and Customs","Customer Services","0300 200 3300","contactUs@hmrc.gov.uk","OD103","3555775","1.00","115000","115000","","Policy Profession","London","nan","1.00"
"OD234","N/D","SCS1","Deputy Director Customer Understanding and Behaviour (CUB)","Deputy Director Customer Understanding and Behaviour (CUB)","HM Revenue and Customs","HM Revenue and Customs","Customer Services","0300 200 3300","contactUs@hmrc.gov.uk","OD230","4299186","1.00","N/A","N/A","","Operational Delivery Profession","Yorkshire and The Humber","nan","1.00"
"OD240","N/D","SCS1","Deputy Director, Commercial- Head of Business Services","Deputy Director, Commercial- Head of Business Services","HM Revenue and Customs","HM Revenue and Customs","Chief Finance Officer Group","0300 200 3300","contactUs@hmrc.gov.uk","OD105","0","0.49","N/A","N/A","","Government Economic Service","Yorkshire and The Humber","nan","1.00"
"OD244","N/D","SCS1","Deputy Director, Design & User Experience","Deputy Director, Design & User Experience","HM Revenue and Customs","HM Revenue and Customs","People and Place Group","0300 200 3300","contactUs@hmrc.gov.uk","OD1041","2083704","1.00","N/A","N/A","","Government Property Profession","East Midlands","nan","1.00"
"OD249","N/D","SCS1","Deputy Director Government Banking","Deputy Director Government Banking","HM Revenue and Customs","HM Revenue and Customs","Chief Finance Officer Group","0300 200 3300","contactUs@hmrc.gov.uk","OD105","2522463","1.00","N/A","N/A","","Project Delivery Profession","London","nan","1.00"
"OD251","Vacant","SCS1","Director CFO Finance, Performance & Risk","Director CFO Finance, Performance & Risk","HM Revenue and Customs","HM Revenue and Customs","People and Place Group","N/A","N/A","OD101","0","1.00","N/A","N/A","","Other","Unknown","Post became vacant on 07/10/2025","1.00"
"OD252","Bobby Chatterjee","SCS2","Director People Design & Services","Director People Design & Services","HM Revenue and Customs","HM Revenue and Customs","People and Place Group","0300 200 3300","contactUs@hmrc.gov.uk","OD108","956224","1.00","115000","115000","","Human Resources Profession","London","nan","1.00"
"OD253","N/D","SCS1","Deputy Director, Strategic Finance","Deputy Director, Strategic Finance","HM Revenue and Customs","HM Revenue and Customs","Chief Finance Officer Group","0300 200 3300","contactUs@hmrc.gov.uk","OD794","1587630","1.00","N/A","N/A","","Government Finance Profession","London","nan","1.00"
"OD254","N/D","SCS1","Deputy Director, Corporate Strategy","Deputy Director, Corporate Strategy","HM Revenue and Customs","HM Revenue and Customs","Chief Finance Officer Group","0300 200 3300","contactUs@hmrc.gov.uk","OD794","814407","0.70","N/A","N/A","","Government Economic Service","London","Jobshare","1.00"
"OD254","N/D","SCS1","Deputy Director, Corporate Strategy","Deputy Director, Corporate Strategy","HM Revenue and Customs","HM Revenue and Customs","Chief Finance Officer Group","0300 200 3300","contactUs@hmrc.gov.uk","OD794","814407","0.70","N/A","N/A","","Government Economic Service","London","Jobshare","1.00"
"OD255","N/D","SCS1","DD Performance & Change","DD Performance & Change","HM Revenue and Customs","HM Revenue and Customs","Chief Finance Officer Group","0300 200 3300","contactUs@hmrc.gov.uk","OD937","2791214","0.92","N/A","N/A","","Government Finance Profession","South East","nan","1.00"
"OD256","Tim Addison","SCS2","Director Internal Audit","Director Internal Audit","HM Revenue and Customs","HM Revenue and Customs","Chief Finance Officer Group","0300 200 3300","contactUs@hmrc.gov.uk","OD105","173806","1.00","120000","120000","","Internal Audit Profession","North West","Reporting To Costs Escalated to OD105","1.00"
"OD259","Andrew Pemberton","SCS2","Director of Communications","Director of Communications","HM Revenue and Customs","HM Revenue and Customs","HMRC Communications","0300 200 3300","contactUs@hmrc.gov.uk","OD101","1568230","1.00","150000","150000","","Government Communication Service","East Midlands","nan","1.00"
"OD260","N/D","SCS1","Head of Internal & Change Communications","Head of Internal & Change Communications","HM Revenue and Customs","HM Revenue and Customs","HMRC Communications","0300 200 3300","contactUs@hmrc.gov.uk","OD259","4300624","1.00","N/A","N/A","","Government Communication Service","London","nan","1.00"
"OD261","N/D","SCS1","Head of Communications for Customer Service","Head of Communications for Customer Service","HM Revenue and Customs","HM Revenue and Customs","HMRC Communications","0300 200 3300","contactUs@hmrc.gov.uk","OD259","1332004","1.00","N/A","N/A","","Government Communication Service","London","nan","1.00"
"OD262","Vacant","SCS1","Director of Strategy, Inclusion & Employee Deal","Director of Strategy, Inclusion & Employee Deal","HM Revenue and Customs","HM Revenue and Customs","People and Place Group","N/A","N/A","OD101","0","1.00","N/A","N/A","","Other","Unknown","Post became vacant on 07/10/2025","1.00"
"OD263","Vacant","SCS1","DD Employee Relations","DD Employee Relations","HM Revenue and Customs","HM Revenue and Customs","People and Place Group","N/A","N/A","OD101","0","1.00","N/A","N/A","","Other","Unknown","Post became vacant on 07/10/2025","1.00"
"OD265","Vacant","SCS1","Head of Strategic Workforce Planning & Transformation","Head of Strategic Workforce Planning & Transformation","HM Revenue and Customs","HM Revenue and Customs","People and Place Group","N/A","N/A","OD101","0","1.00","N/A","N/A","","Other","Unknown","Post became vacant on 16/02/2026","1.00"
"OD266","N/D","SCS1","Director Resourcing, Capability & Workforce Delivery","Director Resourcing, Capability & Workforce Delivery","HM Revenue and Customs","HM Revenue and Customs","People and Place Group","0300 200 3300","contactUs@hmrc.gov.uk","OD990T","2175721","0.95","N/A","N/A","","Human Resources Profession","London","nan","1.00"
"OD267","N/D","SCS1","Deputy Director Learning Transformation","Deputy Director Learning Transformation","HM Revenue and Customs","HM Revenue and Customs","People and Place Group","0300 200 3300","contactUs@hmrc.gov.uk","OD990T","3129637","1.00","N/A","N/A","","Human Resources Profession","North West","nan","1.00"
"OD268","N/D","SCS1","Deputy Director Leadership Development","Deputy Director Leadership Development","HM Revenue and Customs","HM Revenue and Customs","People and Place Group","0300 200 3300","contactUs@hmrc.gov.uk","OD990T","1472133","1.00","N/A","N/A","","Human Resources Profession","East Midlands","nan","1.00"
"OD269","N/D","SCS1","Deputy Director, Future Workforce Design & Effectiveness","Deputy Director, Future Workforce Design & Effectiveness","HM Revenue and Customs","HM Revenue and Customs","People and Place Group","0300 200 3300","contactUs@hmrc.gov.uk","OD1141","1118914","1.00","N/A","N/A","","Human Resources Profession","East Midlands","nan","1.00"
"OD273","Andy Leggett","SCS2","Director Risk & Intelligence Service","Director Risk & Intelligence Service","HM Revenue and Customs","HM Revenue and Customs","Customer Compliance","0300 200 3300","contactUs@hmrc.gov.uk","OD106","1346086","1.00","115000","115000","","Operational Delivery Profession","North West","nan","1.00"
"OD276","Richard Las","SCS2","Director Fraud Investigation Service","Director Fraud Investigation Service","HM Revenue and Customs","HM Revenue and Customs","Customer Compliance","0300 200 3300","contactUs@hmrc.gov.uk","OD106","19818712","1.00","115000","115000","","Operational Delivery Profession","London","nan","1.00"
"OD277","Jamie Miller","SCS2","Director Debt Management","Director Debt Management","HM Revenue and Customs","HM Revenue and Customs","Customer Services","0300 200 3300","contactUs@hmrc.gov.uk","OD103","3550616","1.00","100000","100000","","Policy Profession","North West","nan","1.00"
"OD282","N/D","SCS1","Deputy Director Offshore, Corporate & Wealthy","Deputy Director Offshore, Corporate & Wealthy","HM Revenue and Customs","HM Revenue and Customs","Customer Compliance","0300 200 3300","contactUs@hmrc.gov.uk","OD276","25629227","1.00","N/A","N/A","","Counter-fraud Standards and Profession","North West","nan","1.00"
"OD283","N/D","SCS1","Deputy Director Digital Support & Innovation","Deputy Director Digital Support & Innovation","HM Revenue and Customs","HM Revenue and Customs","Customer Compliance","0300 200 3300","contactUs@hmrc.gov.uk","OD276","21207712","1.00","N/A","N/A","","Counter-fraud Standards and Profession","London","nan","1.00"
"OD288","N/D","SCS1","Deputy Director Scotland, Northern England & Northern Ireland","Deputy Director Scotland, Northern England & Northern Ireland","HM Revenue and Customs","HM Revenue and Customs","Customer Services","0300 200 3300","contactUs@hmrc.gov.uk","OD277","77465737","1.00","N/A","N/A","","Operational Delivery Profession","North West","nan","1.00"
"OD289","N/D","SCS1","Deputy Director, Corporate Treasury","Deputy Director, Corporate Treasury","HM Revenue and Customs","HM Revenue and Customs","Chief Finance Officer Group","0300 200 3300","contactUs@hmrc.gov.uk","OD105","29058483","0.81","N/A","N/A","","Government Finance Profession","Scotland","nan","1.00"
"OD291","N/D","SCS1","Deputy Director Debt Management Ops","Deputy Director Debt Management Ops","HM Revenue and Customs","HM Revenue and Customs","Customer Services","0300 200 3300","contactUs@hmrc.gov.uk","OD277","82458153","1.00","N/A","N/A","","Operational Delivery Profession","East Midlands","nan","1.00"
"OD292","Vacant","SCS1","Deputy Director Debt Management Logistics","Deputy Director Debt Management Logistics","HM Revenue and Customs","HM Revenue and Customs","Customer Services","N/A","N/A","OD101","0","1.00","N/A","N/A","","Other","Unknown","Post became vacant on 08/08/2025","1.00"
"OD293","N/D","SCS1","Deputy Director, Planning, Finance & Benefit Customer","Deputy Director, Planning, Finance & Benefit Customer","HM Revenue and Customs","HM Revenue and Customs","Chief Finance Officer Group","0300 200 3300","contactUs@hmrc.gov.uk","OD319","2796988","1.00","N/A","N/A","","Government Finance Profession","London","Jobshare","1.00"
"OD293","N/D","SCS1","Deputy Director, Planning, Finance & Benefit Customer","Deputy Director, Planning, Finance & Benefit Customer","HM Revenue and Customs","HM Revenue and Customs","Chief Finance Officer Group","0300 200 3300","contactUs@hmrc.gov.uk","OD319","2796988","0.61","N/A","N/A","","Government Finance Profession","London","Jobshare","1.00"
"OD294","N/D","SCS1","COPS Private Office","COPS Private Office","HM Revenue and Customs","HM Revenue and Customs","Customer Compliance","0300 200 3300","contactUs@hmrc.gov.uk","OD942T","7951005","1.00","N/A","N/A","","Government Tax Profession","North East","nan","1.00"
"OD297","N/D","SCS1","Deputy Director Complex & Agents","Deputy Director Complex & Agents","HM Revenue and Customs","HM Revenue and Customs","Customer Compliance","0300 200 3300","contactUs@hmrc.gov.uk","OD1143","93802399","1.00","N/A","N/A","","Operational Delivery Profession","East Midlands","nan","1.00"
"OD298","N/D","SCS1","Deputy Director Complex & Agents","Deputy Director Complex & Agents","HM Revenue and Customs","HM Revenue and Customs","Customer Compliance","0300 200 3300","contactUs@hmrc.gov.uk","OD1143","66107911","1.00","N/A","N/A","","Operational Delivery Profession","London","nan","1.00"
"OD299","N/D","SCS1","Deputy Director – Scrutiny, Performance, Assurance & Risk (SPAR)","Deputy Director – Scrutiny, Performance, Assurance & Risk (SPAR)","HM Revenue and Customs","HM Revenue and Customs","Customer Compliance","0300 200 3300","contactUs@hmrc.gov.uk","OD562","3723115","1.00","N/A","N/A","","Operational Delivery Profession","North West","nan","1.00"
"OD300","N/D","SCS1","Deputy Director People Planning and Performance","Deputy Director People Planning and Performance","HM Revenue and Customs","HM Revenue and Customs","Customer Compliance","0300 200 3300","contactUs@hmrc.gov.uk","OD595","4114533","1.00","N/A","N/A","","Government Finance Profession","London","nan","1.00"
"OD301","N/D","SCS1","Volume Compliance","Volume Compliance","HM Revenue and Customs","HM Revenue and Customs","Customer Compliance","0300 200 3300","contactUs@hmrc.gov.uk","OD942T","105647039","1.00","N/A","N/A","","Operational Delivery Profession","North West","nan","1.00"
"OD302","N/D","SCS1","Deputy Director for Mid-Sized Business","Deputy Director for Mid-Sized Business","HM Revenue and Customs","HM Revenue and Customs","Customer Compliance","0300 200 3300","contactUs@hmrc.gov.uk","OD595","71989461","1.00","N/A","N/A","","Government Tax Profession","North West","nan","1.00"
"OD303","N/D","SCS1","Deputy Director Taskforces & Specialist Compliance","Deputy Director Taskforces & Specialist Compliance","HM Revenue and Customs","HM Revenue and Customs","Customer Compliance","0300 200 3300","contactUs@hmrc.gov.uk","OD1143","70245058","1.00","N/A","N/A","","Government Statistical Service Profession","Yorkshire and The Humber","nan","1.00"
"OD305","N/D","SCS1","Deputy Director Planning & Performance","Deputy Director Planning & Performance","HM Revenue and Customs","HM Revenue and Customs","Customer Compliance","0300 200 3300","contactUs@hmrc.gov.uk","OD1143","5605806","1.00","N/A","N/A","","Government Tax Profession","London","nan","1.00"
"OD306","N/D","SCS1","Deputy Director Wealthy","Deputy Director Wealthy","HM Revenue and Customs","HM Revenue and Customs","Customer Compliance","0300 200 3300","contactUs@hmrc.gov.uk","OD595","43248147","1.00","N/A","N/A","","Government Tax Profession","East Midlands","nan","1.00"
"OD307","N/D","SCS1","Head of RIS Intelligence","Head of RIS Intelligence","HM Revenue and Customs","HM Revenue and Customs","Customer Compliance","0300 200 3300","contactUs@hmrc.gov.uk","OD273","38917646","1.00","N/A","N/A","","Government Legal Profession","South West","nan","1.00"
"OD308","N/D","SCS1","Deputy Director Head of Preventive Risking","Deputy Director Head of Preventive Risking","HM Revenue and Customs","HM Revenue and Customs","Customer Compliance","0300 200 3300","contactUs@hmrc.gov.uk","OD273","16622096","1.00","N/A","N/A","","Digital, Data and Technology Professions","North West","nan","1.00"
"OD309","N/D","SCS1","Deputy Director Head of RIS Analysis","Deputy Director Head of RIS Analysis","HM Revenue and Customs","HM Revenue and Customs","Customer Compliance","0300 200 3300","contactUs@hmrc.gov.uk","OD273","14818582","1.00","N/A","N/A","","Government Tax Profession","North West","nan","1.00"
"OD319","Oliver Fisher","SCS2","Director Change, Assurance & Investment","Director Change, Assurance & Investment","HM Revenue and Customs","HM Revenue and Customs","Chief Finance Officer Group","0300 200 3300","contactUs@hmrc.gov.uk","OD105","565860","1.00","115000","115000","","Project Delivery Profession","South East","nan","1.00"
"OD321","N/D","SCS1","Deputy Director, Change, Assurance and Investment","Deputy Director, Change, Assurance and Investment","HM Revenue and Customs","HM Revenue and Customs","Chief Finance Officer Group","0300 200 3300","contactUs@hmrc.gov.uk","OD319","1574441","1.00","N/A","N/A","","Project Delivery Profession","London","nan","1.00"
"OD323","N/D","SCS1","DD Accounting Operations","DD Accounting Operations","HM Revenue and Customs","HM Revenue and Customs","Chief Finance Officer Group","0300 200 3300","contactUs@hmrc.gov.uk","OD937","5548642","1.00","N/A","N/A","","Government Finance Profession","London","nan","1.00"
"OD332","N/D","SCS1","Head of Mobility & Workspace Services","Head of Mobility & Workspace Services","HM Revenue and Customs","HM Revenue and Customs","Chief Digital & Information Officer","0300 200 3300","contactUs@hmrc.gov.uk","OD988","6014619","1.00","N/A","N/A","","Digital, Data and Technology Professions","East Midlands","nan","1.00"
"OD335","N/D","SCS1","Deputy Finance Director","Deputy Finance Director","HM Revenue and Customs","HM Revenue and Customs","Chief Digital & Information Officer","0300 200 3300","contactUs@hmrc.gov.uk","OD977","1778088","0.60","N/A","N/A","","Government Finance Profession","North East","nan","1.00"
"OD344","Samantha Pullin","SCS2","Director Litigation","Director Litigation","HM Revenue and Customs","HM Revenue and Customs","Legal","0300 200 3300","contactUs@hmrc.gov.uk","OD110","668534","1.00","115000","115000","","Government Legal Profession","London","nan","1.00"
"OD345","John Evans","SCS2","Director of Business Tax and International Law","Director of Business Tax and International Law","HM Revenue and Customs","HM Revenue and Customs","Legal","0300 200 3300","contactUs@hmrc.gov.uk","OD110","598465","0.86","145000","145000","","Government Legal Profession","London","nan","1.00"
"OD346","Jo Greenidge","SCS2","Director of Personal Taxes and Corporate Services Advisory","Director of Personal Taxes and Corporate Services Advisory","HM Revenue and Customs","HM Revenue and Customs","Legal","0300 200 3300","contactUs@hmrc.gov.uk","OD110","571563","0.86","115000","115000","","Government Legal Profession","London","nan","1.00"
"OD347","N/D","SCS1","DD Commissioners Advisory Accountant","DD Commissioners Advisory Accountant","HM Revenue and Customs","HM Revenue and Customs","Legal","0300 200 3300","contactUs@hmrc.gov.uk","OD605","1542585","1.00","N/A","N/A","","Corporate Finance Profession","North West","nan","1.00"
"OD348","N/D","SCS1","Deputy Director Enforcement & Insolvency Team","Deputy Director Enforcement & Insolvency Team","HM Revenue and Customs","HM Revenue and Customs","Legal","0300 200 3300","contactUs@hmrc.gov.uk","OD344","1305266","1.00","N/A","N/A","","Government Legal Profession","London","nan","1.00"
"OD349","N/D","SCS1","Deputy Director Customs Excise & Environmental Taxes Litigation","Deputy Director Customs Excise & Environmental Taxes Litigation","HM Revenue and Customs","HM Revenue and Customs","Legal","0300 200 3300","contactUs@hmrc.gov.uk","OD344","1332527","1.00","N/A","N/A","","Other","London","nan","1.00"
"OD350","N/D","SCS1","Deputy Director Business International Gains & VAT Advisory","Deputy Director Business International Gains & VAT Advisory","HM Revenue and Customs","HM Revenue and Customs","Legal","0300 200 3300","contactUs@hmrc.gov.uk","OD344","1376911","1.00","N/A","N/A","","Government Legal Profession","London","nan","1.00"
"OD351","N/D","SCS1","Deputy Director Strategic Litigation","Deputy Director Strategic Litigation","HM Revenue and Customs","HM Revenue and Customs","Legal","0300 200 3300","contactUs@hmrc.gov.uk","OD344","3112532","1.00","N/A","N/A","","Government Legal Profession","London","nan","1.00"
"OD352","N/D","SCS1","Deputy Director VAT Litigation","Deputy Director VAT Litigation","HM Revenue and Customs","HM Revenue and Customs","Legal","0300 200 3300","contactUs@hmrc.gov.uk","OD344","2384056","1.00","N/A","N/A","","Government Legal Profession","London","nan","1.00"
"OD353","N/D","SCS1","Deputy Director Business & Property Taxes Litigation Team","Deputy Director Business & Property Taxes Litigation Team","HM Revenue and Customs","HM Revenue and Customs","Legal","0300 200 3300","contactUs@hmrc.gov.uk","OD344","1700651","1.00","N/A","N/A","","Government Legal Profession","London","nan","1.00"
"OD354","N/D","SCS1","Deputy Director Corporation Tax Advisory","Deputy Director Corporation Tax Advisory","HM Revenue and Customs","HM Revenue and Customs","Legal","0300 200 3300","contactUs@hmrc.gov.uk","OD345","1397353","0.60","N/A","N/A","","Government Legal Profession","London","Jobshare","1.00"
"OD354","N/D","SCS1","Deputy Director Corporation Tax Advisory","Deputy Director Corporation Tax Advisory","HM Revenue and Customs","HM Revenue and Customs","Legal","0300 200 3300","contactUs@hmrc.gov.uk","OD345","1397353","0.60","N/A","N/A","","Government Legal Profession","London","Jobshare","1.00"
"OD355","N/D","SCS1","Deputy Director People and Professionalism, Legal Operations and Business Transformation","Deputy Director People and Professionalism, Legal Operations and Business Transformation","HM Revenue and Customs","HM Revenue and Customs","Legal","0300 200 3300","contactUs@hmrc.gov.uk","OD605","3675746","1.00","N/A","N/A","","Human Resources Profession","London","nan","1.00"
"OD356","N/D","SCS1","Deputy Director EU Exit, International and Legislation Team","Deputy Director EU Exit, International and Legislation Team","HM Revenue and Customs","HM Revenue and Customs","Legal","0300 200 3300","contactUs@hmrc.gov.uk","OD345","958020","1.00","N/A","N/A","","Government Legal Profession","London","nan","1.00"
"OD357","N/D","SCS1","Deputy Director SOLS B4","Deputy Director SOLS B4","HM Revenue and Customs","HM Revenue and Customs","Legal","0300 200 3300","contactUs@hmrc.gov.uk","OD346","1872560","1.00","N/A","N/A","","Government Legal Profession","London","nan","1.00"
"OD358","N/D","SCS1","Deputy Director Business International Gains & VAT Advisory","Deputy Director Business International Gains & VAT Advisory","HM Revenue and Customs","HM Revenue and Customs","Legal","0300 200 3300","contactUs@hmrc.gov.uk","OD345","1258914","1.00","N/A","N/A","","Government Legal Profession","London","nan","1.00"
"OD359","N/D","SCS1","Deputy Director Ratings, Valuation & Information Law","Deputy Director Ratings, Valuation & Information Law","HM Revenue and Customs","HM Revenue and Customs","Legal","0300 200 3300","contactUs@hmrc.gov.uk","OD345","820235","1.00","N/A","N/A","","Government Legal Profession","London","nan","1.00"
"OD360","N/D","SCS1","Deputy Director Personal Tax Advisory","Deputy Director Personal Tax Advisory","HM Revenue and Customs","HM Revenue and Customs","Legal","0300 200 3300","contactUs@hmrc.gov.uk","OD346","1281082","1.00","N/A","N/A","","Government Legal Profession","London","nan","1.00"
"OD362","N/D","SCS1","C2 Specialist Personal and Capital Taxes Advisory","C2 Specialist Personal and Capital Taxes Advisory","HM Revenue and Customs","HM Revenue and Customs","Legal","0300 200 3300","contactUs@hmrc.gov.uk","OD346","1672508","1.00","N/A","N/A","","Government Legal Profession","South West","nan","1.00"
"OD363","N/D","SCS1","Deputy Director Criminal Benefits & Credits","Deputy Director Criminal Benefits & Credits","HM Revenue and Customs","HM Revenue and Customs","Legal","0300 200 3300","contactUs@hmrc.gov.uk","OD346","1237137","1.00","N/A","N/A","","Government Legal Profession","London","nan","1.00"
"OD364","N/D","SCS1","Deputy Director Commercial Law (Corporate Services & Estates)","Deputy Director Commercial Law (Corporate Services & Estates)","HM Revenue and Customs","HM Revenue and Customs","Legal","0300 200 3300","contactUs@hmrc.gov.uk","OD346","923874","1.00","N/A","N/A","","Government Legal Profession","North West","nan","1.00"
"OD368","Marc Gill","SCS2","DIRECTOR - PT OPERATIONS","DIRECTOR - PT OPERATIONS","HM Revenue and Customs","HM Revenue and Customs","Customer Services","0300 200 3300","contactUs@hmrc.gov.uk","OD103","81333296","1.00","120000","120000","","Operational Delivery Profession","North East","nan","1.00"
"OD369","Cerys McDonald","SCS2","Director Individuals Policy Directorate","Director Individuals Policy Directorate","HM Revenue and Customs","HM Revenue and Customs","Customer Strategy & Tax Design","0300 200 3300","contactUs@hmrc.gov.uk","OD109","2425910","1.00","115000","115000","","Policy Profession","Wales","nan","1.00"
"OD373","N/D","SCS1","DD Financial Planning, Benefits & Efficiencies","DD Financial Planning, Benefits & Efficiencies","HM Revenue and Customs","HM Revenue and Customs","Customer Services","0300 200 3300","contactUs@hmrc.gov.uk","OD523","2582931","1.00","N/A","N/A","","Government Finance Profession","London","nan","1.00"
"OD374","N/D","SCS1","HR Director Customer Services Group","HR Director Customer Services Group","HM Revenue and Customs","HM Revenue and Customs","People and Place Group","0300 200 3300","contactUs@hmrc.gov.uk","OD108","2710890","1.00","N/A","N/A","","Human Resources Profession","East Midlands","nan","1.00"
"OD377","N/D","SCS1","Deputy Director National Insurance, Child Benefit & Child Services","Deputy Director National Insurance, Child Benefit & Child Services","HM Revenue and Customs","HM Revenue and Customs","Customer Services","0300 200 3300","contactUs@hmrc.gov.uk","OD523","69691815","1.00","N/A","N/A","","Operational Delivery Profession","North East","nan","1.00"
"OD381","N/D","SCS1","Deputy Director CSG Strategy","Deputy Director CSG Strategy","HM Revenue and Customs","HM Revenue and Customs","Customer Services","0300 200 3300","contactUs@hmrc.gov.uk","OD644","433850","1.00","N/A","N/A","","Operational Delivery Profession","Wales","nan","1.00"
"OD383","N/D","SCS1","Deputy Director Design Lead","Deputy Director Design Lead","HM Revenue and Customs","HM Revenue and Customs","Customer Strategy & Tax Design","0300 200 3300","contactUs@hmrc.gov.uk","OD570","2314533","1.00","N/A","N/A","","Policy Profession","North East","nan","1.00"
"OD387","Vacant","SCS1","Deputy Director Self-Assessment","Deputy Director Self-Assessment","HM Revenue and Customs","HM Revenue and Customs","Customer Services","N/A","N/A","OD101","0","1.00","N/A","N/A","","Other","Unknown","Post became vacant on 05/07/2024","1.00"
"OD388","N/D","SCS1","Deputy Director Personal Tax Operational Centre","Deputy Director Personal Tax Operational Centre","HM Revenue and Customs","HM Revenue and Customs","Customer Services","0300 200 3300","contactUs@hmrc.gov.uk","OD368","40847920","1.00","N/A","N/A","","Operational Delivery Profession","North West","nan","1.00"
"OD389","N/D","SCS1","Deputy Director PAYE & Capacity Enhancement Team","Deputy Director PAYE & Capacity Enhancement Team","HM Revenue and Customs","HM Revenue and Customs","Customer Services","0300 200 3300","contactUs@hmrc.gov.uk","OD368","62786717","1.00","N/A","N/A","","Operational Delivery Profession","North West","Jobshare","1.00"
"OD389","N/D","SCS1","Deputy Director PAYE & Capacity Enhancement Team","Deputy Director PAYE & Capacity Enhancement Team","HM Revenue and Customs","HM Revenue and Customs","Customer Services","0300 200 3300","contactUs@hmrc.gov.uk","OD368","62786717","1.00","N/A","N/A","","Operational Delivery Profession","North West","Jobshare","1.00"
"OD396","N/D","SCS1","Deputy Director Income Tax Policy","Deputy Director Income Tax Policy","HM Revenue and Customs","HM Revenue and Customs","Customer Strategy & Tax Design","0300 200 3300","contactUs@hmrc.gov.uk","OD369","3989730","1.00","N/A","N/A","","Policy Profession","London","nan","1.00"
"OD397","Vacant","SCS1","Deputy Director, Strategic Policy, Impacting, and NICs and International Social Security Policy.","Deputy Director, Strategic Policy, Impacting, and NICs and International Social Security Policy.","HM Revenue and Customs","HM Revenue and Customs","Customer Strategy & Tax Design","N/A","N/A","OD101","0","1.00","N/A","N/A","","Other","Unknown","Post became vacant on 02/04/2026","1.00"
"OD398","N/D","SCS1","Deputy Director Business Delivery","Deputy Director Business Delivery","HM Revenue and Customs","HM Revenue and Customs","Customer Services","0300 200 3300","contactUs@hmrc.gov.uk","OD931","10205136","1.00","N/A","N/A","","Operational Delivery Profession","London","nan","1.00"
"OD402","N/D","SCS1","Deputy Director IPD Employment Status & Intermediaries Policy","Deputy Director IPD Employment Status & Intermediaries Policy","HM Revenue and Customs","HM Revenue and Customs","Customer Strategy & Tax Design","0300 200 3300","contactUs@hmrc.gov.uk","OD369","1436460","1.00","N/A","N/A","","Government Tax Profession","London","nan","1.00"
"OD406","N/D","SCS1","Deputy Director NICS Policy and Student Finance","Deputy Director NICS Policy and Student Finance","HM Revenue and Customs","HM Revenue and Customs","Customer Strategy & Tax Design","0300 200 3300","contactUs@hmrc.gov.uk","OD369","2582918","1.00","N/A","N/A","","Policy Profession","London","nan","1.00"
"OD409","Vacant","SCS1","DD Large Business Compliance","DD Large Business Compliance","HM Revenue and Customs","HM Revenue and Customs","Customer Compliance","N/A","N/A","OD101","0","1.00","N/A","N/A","","Other","Unknown","Post became vacant on 01/04/2026","1.00"
"OD410","N/D","SCS1","Deputy Director WMBC Assets","Deputy Director WMBC Assets","HM Revenue and Customs","HM Revenue and Customs","Customer Compliance","0300 200 3300","contactUs@hmrc.gov.uk","OD595","21604811","1.00","N/A","N/A","","Government Social Research Profession","North West","nan","1.00"
"OD411","N/D","SCS1","Deputy Director Pensions, Savings & Charities Policy","Deputy Director Pensions, Savings & Charities Policy","HM Revenue and Customs","HM Revenue and Customs","Customer Strategy & Tax Design","0300 200 3300","contactUs@hmrc.gov.uk","OD369","2859244","1.00","N/A","N/A","","Policy Profession","London","nan","1.00"
"OD417","N/D","SCS1","Deputy Director Assets, Residence & Valuation","Deputy Director Assets, Residence & Valuation","HM Revenue and Customs","HM Revenue and Customs","Customer Strategy & Tax Design","0300 200 3300","contactUs@hmrc.gov.uk","OD136","8526226","1.00","N/A","N/A","","Government Tax Profession","East Midlands","nan","1.00"
"OD418","Rosalind Kay","SCS2","Director Strategic Policy in to Delivery (SPD)","Director Strategic Policy in to Delivery (SPD)","HM Revenue and Customs","HM Revenue and Customs","Customer Strategy & Tax Design","0300 200 3300","contactUs@hmrc.gov.uk","OD109","811166","1.00","110000","110000","","Policy Profession","London","nan","1.00"
"OD419","Jess Mitchell","SCS2","Director Knowledge, Analysis & Intelligence - Role 1","Director Knowledge, Analysis & Intelligence - Role 1","HM Revenue and Customs","HM Revenue and Customs","Customer Strategy & Tax Design","0300 200 3300","contactUs@hmrc.gov.uk","OD109","510346","1.00","105000","105000","","Government Statistical Service Profession","London","nan","1.00"
"OD420","Lucy Pike","SCS2","Chief Security Officer","Chief Security Officer","HM Revenue and Customs","HM Revenue and Customs","Chief Digital & Information Officer","0300 200 3300","contactUs@hmrc.gov.uk","OD107","2354528","1.00","100000","100000","","Internal Audit Profession","West Midlands","nan","1.00"
"OD421","N/D","SCS1","Head of Adjudicator's Office","Head of Adjudicator's Office","HM Revenue and Customs","HM Revenue and Customs","Customer Services","0300 200 3300","contactUs@hmrc.gov.uk","OD230","2370518","1.00","N/A","N/A","","Operational Delivery Profession","London","nan","1.00"
"OD423","Vacant","SCS1","Deputy Director Transformation Roadmap","Deputy Director Transformation Roadmap","HM Revenue and Customs","HM Revenue and Customs","Enterprise Transformation Group","N/A","N/A","OD101","0","1.00","N/A","N/A","","Other","Unknown","Post became vacant on 09/01/2026","1.00"
"OD424","N/D","SCS1","Deputy Director Data Science","Deputy Director Data Science","HM Revenue and Customs","HM Revenue and Customs","Chief Digital & Information Officer","0300 200 3300","contactUs@hmrc.gov.uk","OD633","3878621","1.00","N/A","N/A","","Digital, Data and Technology Professions","London","nan","1.00"
"OD426","N/D","SCS1","Head of TADPol2","Head of TADPol2","HM Revenue and Customs","HM Revenue and Customs","Customer Strategy & Tax Design","0300 200 3300","contactUs@hmrc.gov.uk","OD570","1646607","0.90","N/A","N/A","","Policy Profession","London","nan","1.00"
"OD427","N/D","SCS1","Deputy Director Tax Administration: Litigation & Advice","Deputy Director Tax Administration: Litigation & Advice","HM Revenue and Customs","HM Revenue and Customs","Customer Strategy & Tax Design","0300 200 3300","contactUs@hmrc.gov.uk","OD606","2254638","1.00","N/A","N/A","","Government Tax Profession","North West","nan","1.00"
"OD431","N/D","SCS1","Deputy Director, Fiscal Events and Wider Government","Deputy Director, Fiscal Events and Wider Government","HM Revenue and Customs","HM Revenue and Customs","Customer Strategy & Tax Design","0300 200 3300","contactUs@hmrc.gov.uk","OD418","1607899","1.00","N/A","N/A","","Policy Profession","North West","nan","1.00"
"OD432","N/D","SCS1","Deputy Director Strategic Cross Cutting & Policy Team","Deputy Director Strategic Cross Cutting & Policy Team","HM Revenue and Customs","HM Revenue and Customs","Customer Strategy & Tax Design","0300 200 3300","contactUs@hmrc.gov.uk","OD418","804092","0.60","N/A","N/A","","Policy Profession","London","Jobshare","1.00"
"OD432","N/D","SCS1","Deputy Director Strategic Cross Cutting & Policy Team","Deputy Director Strategic Cross Cutting & Policy Team","HM Revenue and Customs","HM Revenue and Customs","Customer Strategy & Tax Design","0300 200 3300","contactUs@hmrc.gov.uk","OD418","804092","0.60","N/A","N/A","","Policy Profession","London","Jobshare","1.00"
"OD435","N/D","SCS1","Deputy Director KAI Personal Taxes (Jobshare)","Deputy Director KAI Personal Taxes (Jobshare)","HM Revenue and Customs","HM Revenue and Customs","Customer Strategy & Tax Design","0300 200 3300","contactUs@hmrc.gov.uk","OD928","4130593","1.00","N/A","N/A","","Government Statistical Service Profession","London","Jobshare","1.00"
"OD435","N/D","SCS1","Deputy Director KAI Personal Taxes (Jobshare)","Deputy Director KAI Personal Taxes (Jobshare)","HM Revenue and Customs","HM Revenue and Customs","Customer Strategy & Tax Design","0300 200 3300","contactUs@hmrc.gov.uk","OD928","4130593","0.60","N/A","N/A","","Government Statistical Service Profession","London","Jobshare","1.00"
"OD437","N/D","SCS1","Deputy Director KAI Operations, Strategy and Transformation","Deputy Director KAI Operations, Strategy and Transformation","HM Revenue and Customs","HM Revenue and Customs","Customer Strategy & Tax Design","0300 200 3300","contactUs@hmrc.gov.uk","OD419","4721776","1.00","N/A","N/A","","Government Operational Research Service","London","nan","1.00"
"OD438","N/D","SCS1","N/A - On loan out  - Deputy Director Data & Analysis - VOA 01/09/2021 - 28/02/2022 - See notes","N/A - On loan out  - Deputy Director Data & Analysis - VOA 01/09/2021 - 28/02/2022 - See notes","HM Revenue and Customs","HM Revenue and Customs","Customer Strategy & Tax Design","0300 200 3300","contactUs@hmrc.gov.uk","OD928","2966258","1.00","N/A","N/A","","Government Economic Service","London","nan","1.00"
"OD439","N/D","SCS1","Deputy Director, Compliance and Debt Operations - Jobshare","Deputy Director, Compliance and Debt Operations - Jobshare","HM Revenue and Customs","HM Revenue and Customs","Customer Strategy & Tax Design","0300 200 3300","contactUs@hmrc.gov.uk","OD419","5569361","0.80","N/A","N/A","","Government Operational Research Service","London","Jobshare","1.00"
"OD439","N/D","SCS1","Deputy Director, Compliance and Debt Operations - Jobshare","Deputy Director, Compliance and Debt Operations - Jobshare","HM Revenue and Customs","HM Revenue and Customs","Customer Strategy & Tax Design","0300 200 3300","contactUs@hmrc.gov.uk","OD419","5569361","0.80","N/A","N/A","","Government Operational Research Service","London","Jobshare","1.00"
"OD440","N/D","SCS1","Deputy Director KAI Indirect Taxes, Customs & Co-ordination","Deputy Director KAI Indirect Taxes, Customs & Co-ordination","HM Revenue and Customs","HM Revenue and Customs","Customer Strategy & Tax Design","0300 200 3300","contactUs@hmrc.gov.uk","OD928","2570182","0.89","N/A","N/A","","Government Economic Service","North West","nan","1.00"
"OD441","N/D","SCS1","Deputy Director KAI Borders and Trade Analysis","Deputy Director KAI Borders and Trade Analysis","HM Revenue and Customs","HM Revenue and Customs","Customer Strategy & Tax Design","0300 200 3300","contactUs@hmrc.gov.uk","OD419","4171625","1.00","N/A","N/A","","Government Operational Research Service","North West","nan","1.00"
"OD442","N/D","SCS1","Deputy Director KAI Direct Business Tax","Deputy Director KAI Direct Business Tax","HM Revenue and Customs","HM Revenue and Customs","Customer Strategy & Tax Design","0300 200 3300","contactUs@hmrc.gov.uk","OD928","3772039","1.00","N/A","N/A","","Government Economic Service","London","nan","1.00"
"OD444","N/D","SCS1","Head of GRC and Security Operations","Head of GRC and Security Operations","HM Revenue and Customs","HM Revenue and Customs","Chief Digital & Information Officer","0300 200 3300","contactUs@hmrc.gov.uk","OD420","2537289","1.00","N/A","N/A","","Government Finance Profession","West Midlands","nan","1.00"
"OD447","N/D","SCS1","Head of Press & Digital Communications","Head of Press & Digital Communications","HM Revenue and Customs","HM Revenue and Customs","HMRC Communications","0300 200 3300","contactUs@hmrc.gov.uk","OD259","2750163","1.00","N/A","N/A","","Government Communication Service","London","nan","1.00"
"OD450","N/D","SCS1","Head of Security, Shared Services and Operations","Head of Security, Shared Services and Operations","HM Revenue and Customs","HM Revenue and Customs","Chief Digital & Information Officer","0300 200 3300","contactUs@hmrc.gov.uk","OD420","2378890","1.00","N/A","N/A","","Internal Audit Profession","South East","nan","1.00"
"OD455","N/D","SCS1","Service owner: Personal Tax and Benefits & Credits","Service owner: Personal Tax and Benefits & Credits","HM Revenue and Customs","HM Revenue and Customs","Chief Digital & Information Officer","0300 200 3300","contactUs@hmrc.gov.uk","OD987","1480988","1.00","N/A","N/A","","Digital, Data and Technology Professions","North East","nan","1.00"
"OD465","N/D","SCS1","Deputy Director Change Delivery PMO","Deputy Director Change Delivery PMO","HM Revenue and Customs","HM Revenue and Customs","Customer Services","0300 200 3300","contactUs@hmrc.gov.uk","OD644","3439638","0.80","N/A","N/A","","Project Delivery Profession","Wales","nan","1.00"
"OD471","N/D","SCS1","DD Large Business Compliance","DD Large Business Compliance","HM Revenue and Customs","HM Revenue and Customs","Customer Compliance","0300 200 3300","contactUs@hmrc.gov.uk","OD206","0","1.00","N/A","N/A","","Government Tax Profession","North West","nan","1.00"
"OD476","N/D","SCS1","Deputy Director Professional Capability & Assurance","Deputy Director Professional Capability & Assurance","HM Revenue and Customs","HM Revenue and Customs","Customer Strategy & Tax Design","0300 200 3300","contactUs@hmrc.gov.uk","OD606","1126751","1.00","N/A","N/A","","Government Tax Profession","South West","nan","1.00"
"OD478","N/D","SCS1","Deputy Director International Collaboration & Transparency","Deputy Director International Collaboration & Transparency","HM Revenue and Customs","HM Revenue and Customs","Customer Strategy & Tax Design","0300 200 3300","contactUs@hmrc.gov.uk","OD136","1699455","1.00","N/A","N/A","","Government Tax Profession","London","nan","1.00"
"OD481","N/D","SCS1","Deputy Director Organised Crime","Deputy Director Organised Crime","HM Revenue and Customs","HM Revenue and Customs","Customer Compliance","0300 200 3300","contactUs@hmrc.gov.uk","OD276","48644124","1.00","N/A","N/A","","Government Tax Profession","East Midlands","nan","1.00"
"OD482","N/D","SCS1","Deputy Director Individuals and Business","Deputy Director Individuals and Business","HM Revenue and Customs","HM Revenue and Customs","Customer Compliance","0300 200 3300","contactUs@hmrc.gov.uk","OD276","33341687","1.00","N/A","N/A","","Operational Delivery Profession","East Midlands","nan","1.00"
"OD489","N/D","SCS1","Policy Driven Change Portfolio Director","Policy Driven Change Portfolio Director","HM Revenue and Customs","HM Revenue and Customs","Customer Strategy & Tax Design","0300 200 3300","contactUs@hmrc.gov.uk","OD418","6918315","1.00","N/A","N/A","","Project Delivery Profession","London","nan","1.00"
"OD490","N/D","SCS1","Service owner: Payments, accounting and banking","Service owner: Payments, accounting and banking","HM Revenue and Customs","HM Revenue and Customs","Chief Digital & Information Officer","0300 200 3300","contactUs@hmrc.gov.uk","OD1058","757863","1.00","N/A","N/A","","Digital, Data and Technology Professions","North East","nan","1.00"
"OD494","N/D","SCS1","Deputy Director Making Tax Digital - E2E Hub Management","Deputy Director Making Tax Digital - E2E Hub Management","HM Revenue and Customs","HM Revenue and Customs","Change Delivery Group","0300 200 3300","contactUs@hmrc.gov.uk","OD151","3450511","1.00","N/A","N/A","","Project Delivery Profession","London","nan","1.00"
"OD497","N/D","SCS1","HR Director Corporate Services & Central Partnering Team","HR Director Corporate Services & Central Partnering Team","HM Revenue and Customs","HM Revenue and Customs","People and Place Group","0300 200 3300","contactUs@hmrc.gov.uk","OD108","2557635","1.00","N/A","N/A","","Human Resources Profession","London","nan","1.00"
"OD498","N/D","SCS1","Head of Talent Aquisition","Head of Talent Aquisition","HM Revenue and Customs","HM Revenue and Customs","People and Place Group","0300 200 3300","contactUs@hmrc.gov.uk","OD990T","3393160","1.00","N/A","N/A","","Human Resources Profession","North West","nan","1.00"
"OD506","N/D","SCS1","Head of IT Strategic Change","Head of IT Strategic Change","HM Revenue and Customs","HM Revenue and Customs","Chief Digital & Information Officer","0300 200 3300","contactUs@hmrc.gov.uk","OD509","1954862","1.00","N/A","N/A","","Digital, Data and Technology Professions","West Midlands","nan","1.00"
"OD507","Lucy Pink","SCS2","Director Transformation Delivery","Director Transformation Delivery","HM Revenue and Customs","HM Revenue and Customs","Enterprise Transformation Group","0300 200 3300","contactUs@hmrc.gov.uk","OD835","356612","1.00","120000","120000","","Policy Profession","London","Reporting To Costs Escalated to OD835","1.00"
"OD508","Vacant","SCS1","Director of Enterprise Platform Services","Director of Enterprise Platform Services","HM Revenue and Customs","HM Revenue and Customs","Chief Digital & Information Officer","N/A","N/A","OD101","0","1.00","N/A","N/A","","Other","Unknown","Post became vacant on 05/07/2024","1.00"
"OD509","Tom Skalycz","SCS2","Chief Technology Officer (CTO)","Chief Technology Officer (CTO)","HM Revenue and Customs","HM Revenue and Customs","Chief Digital & Information Officer","0300 200 3300","contactUs@hmrc.gov.uk","OD107","2320179","1.00","150000","150000","","Other","Yorkshire and The Humber","nan","1.00"
"OD512","N/D","SCS1","Deputy Director of VAT Reliefs, Deductions & Financial Service","Deputy Director of VAT Reliefs, Deductions & Financial Service","HM Revenue and Customs","HM Revenue and Customs","Customer Strategy & Tax Design","0300 200 3300","contactUs@hmrc.gov.uk","OD722","436699","0.60","N/A","N/A","","Government Tax Profession","London","nan","1.00"
"OD513","N/D","SCS1","Deputy Director - Governance & Change PMP/CEP","Deputy Director - Governance & Change PMP/CEP","HM Revenue and Customs","HM Revenue and Customs","Customer Services","0300 200 3300","contactUs@hmrc.gov.uk","OD644","3792306","1.00","N/A","N/A","","Project Delivery Profession","North East","nan","1.00"
"OD514","Jonathan Smith","SCS2","Director Counter Avoidance","Director Counter Avoidance","HM Revenue and Customs","HM Revenue and Customs","Customer Compliance","0300 200 3300","contactUs@hmrc.gov.uk","OD106","534638","1.00","115000","115000","","Operational Delivery Profession","South West","nan","1.00"
"OD515","Nic Bourven","SCS2","Chief Information & Digital Officer Group","Chief Information & Digital Officer Group","HM Revenue and Customs","HM Revenue and Customs","Chief Digital & Information Officer","0300 200 3300","contactUs@hmrc.gov.uk","OD107","739168","1.00","160000","160000","","Digital, Data and Technology Professions","London","nan","1.00"
"OD516","N/D","SCS1","Head of Operational Excellence","Head of Operational Excellence","HM Revenue and Customs","HM Revenue and Customs","Chief Digital & Information Officer","0300 200 3300","contactUs@hmrc.gov.uk","OD515","1814064","0.60","N/A","N/A","","Digital, Data and Technology Professions","North West","nan","1.00"
"OD517","N/D","SCS1","DD Counter Avoidance Operations Delivery 2","DD Counter Avoidance Operations Delivery 2","HM Revenue and Customs","HM Revenue and Customs","Customer Compliance","0300 200 3300","contactUs@hmrc.gov.uk","OD514","24413571","1.00","N/A","N/A","","Government Tax Profession","West Midlands","nan","1.00"
"OD518","N/D","SCS1","DD Counter Avoidance Operations Delivery 1","DD Counter Avoidance Operations Delivery 1","HM Revenue and Customs","HM Revenue and Customs","Customer Compliance","0300 200 3300","contactUs@hmrc.gov.uk","OD514","19727649","1.00","N/A","N/A","","Government Tax Profession","Yorkshire and The Humber","nan","1.00"
"OD519","N/D","SCS1","DD Counter Avoidance People, Planning & Change","DD Counter Avoidance People, Planning & Change","HM Revenue and Customs","HM Revenue and Customs","Customer Compliance","0300 200 3300","contactUs@hmrc.gov.uk","OD514","3877335","1.00","N/A","N/A","","Operational Delivery Profession","East Midlands","nan","1.00"
"OD520","N/D","SCS1","Deputy Director Policy CA","Deputy Director Policy CA","HM Revenue and Customs","HM Revenue and Customs","Customer Compliance","0300 200 3300","contactUs@hmrc.gov.uk","OD514","2614177","1.00","N/A","N/A","","Policy Profession","London","nan","1.00"
"OD522","N/D","SCS1","Deputy Director Head of RIS Offshore","Deputy Director Head of RIS Offshore","HM Revenue and Customs","HM Revenue and Customs","Customer Compliance","0300 200 3300","contactUs@hmrc.gov.uk","OD273","13627705","1.00","N/A","N/A","","Operational Delivery Profession","North West","nan","1.00"
"OD523","Andy McConnell","SCS2","DD Business & Specialist Taxes","DD Business & Specialist Taxes","HM Revenue and Customs","HM Revenue and Customs","Customer Services","0300 200 3300","contactUs@hmrc.gov.uk","OD103","2389331","1.00","110000","110000","","Operational Delivery Profession","North West","Jobshare","1.00"
"OD523","Steve Long","SCS2","DD Business & Specialist Taxes","DD Business & Specialist Taxes","HM Revenue and Customs","HM Revenue and Customs","Customer Services","0300 200 3300","contactUs@hmrc.gov.uk","OD103","2389331","1.00","125000","125000","","Operational Delivery Profession","North West","Jobshare","1.00"
"OD527","N/D","SCS1","Deputy Director Compliance Strategy","Deputy Director Compliance Strategy","HM Revenue and Customs","HM Revenue and Customs","Customer Compliance","0300 200 3300","contactUs@hmrc.gov.uk","OD721","1952656","1.00","N/A","N/A","","Policy Profession","London","nan","1.00"
"OD528","N/D","SCS1","Benefits & Credits Service Owner","Benefits & Credits Service Owner","HM Revenue and Customs","HM Revenue and Customs","Chief Digital & Information Officer","0300 200 3300","contactUs@hmrc.gov.uk","OD455","946426","1.00","N/A","N/A","","Digital, Data and Technology Professions","South West","nan","1.00"
"OD532","N/D","SCS1","Deputy Director - Large Business Scotland & Northern Ireland","Deputy Director - Large Business Scotland & Northern Ireland","HM Revenue and Customs","HM Revenue and Customs","Customer Compliance","0300 200 3300","contactUs@hmrc.gov.uk","OD204","20181580","1.00","N/A","N/A","","Government Tax Profession","Northern Ireland","nan","1.00"
"OD533","N/D","SCS1","Deputy Director Agent Policy","Deputy Director Agent Policy","HM Revenue and Customs","HM Revenue and Customs","Customer Strategy & Tax Design","0300 200 3300","contactUs@hmrc.gov.uk","OD919","2186641","1.00","N/A","N/A","","Policy Profession","London","nan","1.00"
"OD534","N/D","SCS1","Deputy Director Strategic Design Owner","Deputy Director Strategic Design Owner","HM Revenue and Customs","HM Revenue and Customs","Enterprise Transformation Group","0300 200 3300","contactUs@hmrc.gov.uk","OD705","1568374","1.00","N/A","N/A","","Policy Profession","London","nan","1.00"
"OD535","N/D","SCS1","Service Owner: Risk and Intelligence","Service Owner: Risk and Intelligence","HM Revenue and Customs","HM Revenue and Customs","Chief Digital & Information Officer","0300 200 3300","contactUs@hmrc.gov.uk","OD695","1155654","1.00","N/A","N/A","","Project Delivery Profession","Yorkshire and The Humber","nan","1.00"
"OD536","N/D","SCS1","Deputy Director - Profiling & Case Delivery","Deputy Director - Profiling & Case Delivery","HM Revenue and Customs","HM Revenue and Customs","Customer Compliance","0300 200 3300","contactUs@hmrc.gov.uk","OD273","41598578","0.92","N/A","N/A","","Operational Delivery Profession","East Midlands","nan","1.00"
"OD538","N/D","SCS1","Deputy Director IPD (Technical)","Deputy Director IPD (Technical)","HM Revenue and Customs","HM Revenue and Customs","Customer Strategy & Tax Design","0300 200 3300","contactUs@hmrc.gov.uk","OD369","5357450","1.00","N/A","N/A","","Government Tax Profession","East Midlands","nan","1.00"
"OD541","N/D","SCS1","Head of Function - Compliance Projects & Work Programme","Head of Function - Compliance Projects & Work Programme","HM Revenue and Customs","HM Revenue and Customs","Customer Compliance","0300 200 3300","contactUs@hmrc.gov.uk","OD185","1814848","1.00","N/A","N/A","","Government Tax Profession","Scotland","nan","1.00"
"OD543","Jade Ackers","SCS2","Director Digital Transformation","Director Digital Transformation","HM Revenue and Customs","HM Revenue and Customs","Change Delivery Group","0300 200 3300","contactUs@hmrc.gov.uk","OD989","1009794","1.00","130000","130000","","Project Delivery Profession","East Midlands","nan","1.00"
"OD545","N/D","SCS1","Deputy Director Culture, Improving Customer Experience","Deputy Director Culture, Improving Customer Experience","HM Revenue and Customs","HM Revenue and Customs","Customer Services","0300 200 3300","contactUs@hmrc.gov.uk","OD230","2373534","1.00","N/A","N/A","","Policy Profession","London","nan","1.00"
"OD548","N/D","SCS1","Head of PMO NI Delivery","Head of PMO NI Delivery","HM Revenue and Customs","HM Revenue and Customs","Borders & Trade","0300 200 3300","contactUs@hmrc.gov.uk","OD565","4883296","1.00","N/A","N/A","","Project Delivery Profession","North East","nan","1.00"
"OD552","N/D","SCS1","Head of Data Management, Capability & Assurance","Head of Data Management, Capability & Assurance","HM Revenue and Customs","HM Revenue and Customs","Chief Digital & Information Officer","0300 200 3300","contactUs@hmrc.gov.uk","OD633","1936581","1.00","N/A","N/A","","Digital, Data and Technology Professions","London","nan","1.00"
"OD554","N/D","SCS1","Deputy Director Policy & Strategy","Deputy Director Policy & Strategy","HM Revenue and Customs","HM Revenue and Customs","Customer Compliance","0300 200 3300","contactUs@hmrc.gov.uk","OD1143","1861471","1.00","N/A","N/A","","Policy Profession","London","nan","1.00"
"OD558","N/D","SCS1","Service owner: Customer engagement","Service owner: Customer engagement","HM Revenue and Customs","HM Revenue and Customs","Chief Digital & Information Officer","0300 200 3300","contactUs@hmrc.gov.uk","OD987","2632562","1.00","N/A","N/A","","Digital, Data and Technology Professions","Yorkshire and The Humber","nan","1.00"
"OD562","Francesca Roberts","SCS2","Director Customer Compliance Finance & Planning","Director Customer Compliance Finance & Planning","HM Revenue and Customs","HM Revenue and Customs","Customer Compliance","0300 200 3300","contactUs@hmrc.gov.uk","OD106","369904","1.00","110000","110000","","Government Finance Profession","London","Reporting To Costs Escalated to OD106","1.00"
"OD565","Sarah Hartley","SCS2","Director Customs Change Delivery","Director Customs Change Delivery","HM Revenue and Customs","HM Revenue and Customs","Borders & Trade","0300 200 3300","contactUs@hmrc.gov.uk","OD781","711712","1.00","115000","115000","","Project Delivery Profession","South East","nan","1.00"
"OD567","N/D","SCS1","Infrastructure & Technology","Infrastructure & Technology","HM Revenue and Customs","HM Revenue and Customs","Chief Digital & Information Officer","0300 200 3300","contactUs@hmrc.gov.uk","OD515","859845","0.48","N/A","N/A","","Digital, Data and Technology Professions","London","nan","1.00"
"OD568","N/D","SCS1","Deputy Director Customer Compliance Group Communications","Deputy Director Customer Compliance Group Communications","HM Revenue and Customs","HM Revenue and Customs","HMRC Communications","0300 200 3300","contactUs@hmrc.gov.uk","OD259","2356349","1.00","N/A","N/A","","Government Communication Service","London","nan","1.00"
"OD569","N/D","SCS1","Service owner: Customer and records management","Service owner: Customer and records management","HM Revenue and Customs","HM Revenue and Customs","Chief Digital & Information Officer","0300 200 3300","contactUs@hmrc.gov.uk","OD987","2067596","0.78","N/A","N/A","","Digital, Data and Technology Professions","West Midlands","Jobshare","1.00"
"OD569","N/D","SCS1","Service owner: Customer and records management","Service owner: Customer and records management","HM Revenue and Customs","HM Revenue and Customs","Chief Digital & Information Officer","0300 200 3300","contactUs@hmrc.gov.uk","OD987","2067596","0.60","N/A","N/A","","Digital, Data and Technology Professions","West Midlands","Jobshare","1.00"
"OD570","Paul Riley","SCS2","Director, Tax Administation","Director, Tax Administation","HM Revenue and Customs","HM Revenue and Customs","Customer Strategy & Tax Design","0300 200 3300","contactUs@hmrc.gov.uk","OD109","595858","1.00","115000","115000","","Policy Profession","North West","nan","1.00"
"OD571","N/D","SCS1","Deputy Director Finance, Planning & Performance","Deputy Director Finance, Planning & Performance","HM Revenue and Customs","HM Revenue and Customs","Customer Compliance","0300 200 3300","contactUs@hmrc.gov.uk","OD276","4830291","1.00","N/A","N/A","","Operational Delivery Profession","London","nan","1.00"
"OD572","N/D","SCS1","IT Delivery Manager: IT delivery policy and programmes","IT Delivery Manager: IT delivery policy and programmes","HM Revenue and Customs","HM Revenue and Customs","Chief Digital & Information Officer","0300 200 3300","contactUs@hmrc.gov.uk","OD695","4918509","1.00","N/A","N/A","","Digital, Data and Technology Professions","North West","nan","1.00"
"OD573","N/D","SCS1","Border Services Deputy Delivery Director","Border Services Deputy Delivery Director","HM Revenue and Customs","HM Revenue and Customs","Chief Digital & Information Officer","0300 200 3300","contactUs@hmrc.gov.uk","OD515","2945700","1.00","N/A","N/A","","Digital, Data and Technology Professions","Yorkshire and The Humber","nan","1.00"
"OD574","N/D","SCS1","Head of Data Platform Services,","Head of Data Platform Services,","HM Revenue and Customs","HM Revenue and Customs","Chief Digital & Information Officer","0300 200 3300","contactUs@hmrc.gov.uk","OD633","5917316","1.00","N/A","N/A","","Digital, Data and Technology Professions","London","nan","1.00"
"OD576","N/D","SCS1","Deputy Director Tax and Benefit Owner","Deputy Director Tax and Benefit Owner","HM Revenue and Customs","HM Revenue and Customs","Chief Digital & Information Officer","0300 200 3300","contactUs@hmrc.gov.uk","OD988","1539729","1.00","N/A","N/A","","Digital, Data and Technology Professions","London","nan","1.00"
"OD578","N/D","SCS1","Head of Data Sharing & Acquisition","Head of Data Sharing & Acquisition","HM Revenue and Customs","HM Revenue and Customs","Chief Digital & Information Officer","0300 200 3300","contactUs@hmrc.gov.uk","OD633","4637319","1.00","N/A","N/A","","Government Statistical Service Profession","London","nan","1.00"
"OD579","N/D","SCS1","HR Director CDIO & CPO","HR Director CDIO & CPO","HM Revenue and Customs","HM Revenue and Customs","People and Place Group","0300 200 3300","contactUs@hmrc.gov.uk","OD108","1450468","0.80","N/A","N/A","","Human Resources Profession","London","nan","1.00"
"OD582","Vacant","SCS1","Technology Transformation Director","Technology Transformation Director","HM Revenue and Customs","HM Revenue and Customs","Chief Digital & Information Officer","N/A","N/A","OD101","0","1.00","N/A","N/A","","Other","Unknown","Post became vacant on 05/07/2024","1.00"
"OD584","N/D","SCS1","Deputy Director, Finance Systems & Processes","Deputy Director, Finance Systems & Processes","HM Revenue and Customs","HM Revenue and Customs","Chief Finance Officer Group","0300 200 3300","contactUs@hmrc.gov.uk","OD937","3507651","1.00","N/A","N/A","","Other","London","nan","1.00"
"OD590","N/D","SCS1","Deputy Director - Head of Function Risk Innovation","Deputy Director - Head of Function Risk Innovation","HM Revenue and Customs","HM Revenue and Customs","Customer Compliance","0300 200 3300","contactUs@hmrc.gov.uk","OD185","1747680","0.50","N/A","N/A","","Government Tax Profession","London","nan","1.00"
"OD591","N/D","SCS1","Deputy Director Making Tax Digital – Strategy & Policy","Deputy Director Making Tax Digital – Strategy & Policy","HM Revenue and Customs","HM Revenue and Customs","Change Delivery Group","0300 200 3300","contactUs@hmrc.gov.uk","OD151","1852978","1.00","N/A","N/A","","Other","London","nan","1.00"
"OD593","Vacant","SCS1","CS Head of Communications","CS Head of Communications","HM Revenue and Customs","HM Revenue and Customs","Customer Services","N/A","N/A","OD101","0","1.00","N/A","N/A","","Other","Unknown","Post became vacant on 05/07/2024","1.00"
"OD594","N/D","SCS1","Assistant Director Large Business London","Assistant Director Large Business London","HM Revenue and Customs","HM Revenue and Customs","People and Place Group","0300 200 3300","contactUs@hmrc.gov.uk","OD1041","1558575","1.00","N/A","N/A","","Policy Profession","East of England","nan","1.00"
"OD595","Philippa Madelin","SCS2","Director Wealthy & Mid Sized Business Compliance","Director Wealthy & Mid Sized Business Compliance","HM Revenue and Customs","HM Revenue and Customs","Customer Compliance","0300 200 3300","contactUs@hmrc.gov.uk","OD106","1097629","1.00","115000","115000","","Government Tax Profession","London","nan","1.00"
"OD596","N/D","SCS1","Deputy Director Professionalism","Deputy Director Professionalism","HM Revenue and Customs","HM Revenue and Customs","Customer Compliance","0300 200 3300","contactUs@hmrc.gov.uk","OD276","13722029","1.00","N/A","N/A","","Counter-fraud Standards and Profession","North West","nan","1.00"
"OD598","N/D","SCS1","Performance Reporting, Insight & Analysis","Performance Reporting, Insight & Analysis","HM Revenue and Customs","HM Revenue and Customs","Customer Services","0300 200 3300","contactUs@hmrc.gov.uk","OD523","4661003","1.00","N/A","N/A","","Operational Delivery Profession","North East","nan","1.00"
"OD599","N/D","SCS1","Deputy Director, Commercial Law (Digital & Technology)","Deputy Director, Commercial Law (Digital & Technology)","HM Revenue and Customs","HM Revenue and Customs","Legal","0300 200 3300","contactUs@hmrc.gov.uk","OD346","829378","0.86","N/A","N/A","","Government Legal Profession","North West","nan","1.00"
"OD600","N/D","SCS1","Head of Operational Delivery Profession","Head of Operational Delivery Profession","HM Revenue and Customs","HM Revenue and Customs","Customer Services","0300 200 3300","contactUs@hmrc.gov.uk","OD103","20619112","1.00","N/A","N/A","","Operational Delivery Profession","London","nan","1.00"
"OD601","N/D","SCS1","Deputy Director of Professional Services and Digital Estates","Deputy Director of Professional Services and Digital Estates","HM Revenue and Customs","HM Revenue and Customs","People and Place Group","0300 200 3300","contactUs@hmrc.gov.uk","OD1041","2079131","1.00","N/A","N/A","","Government Property Profession","Yorkshire and The Humber","nan","1.00"
"OD602","N/D","SCS1","Deputy Director Property & Assets","Deputy Director Property & Assets","HM Revenue and Customs","HM Revenue and Customs","People and Place Group","0300 200 3300","contactUs@hmrc.gov.uk","OD1041","1691713","1.00","N/A","N/A","","Government Property Profession","Yorkshire and The Humber","nan","1.00"
"OD603","N/D","SCS1","IT Delivery Manager: Major programmes","IT Delivery Manager: Major programmes","HM Revenue and Customs","HM Revenue and Customs","Chief Digital & Information Officer","0300 200 3300","contactUs@hmrc.gov.uk","OD987","7468436","1.00","N/A","N/A","","Digital, Data and Technology Professions","North East","nan","1.00"
"OD605","Mark Wilson","SCS2","Director of Sols Legal Operations and Business Transformation Directorate","Director of Sols Legal Operations and Business Transformation Directorate","HM Revenue and Customs","HM Revenue and Customs","Legal","0300 200 3300","contactUs@hmrc.gov.uk","OD110","714216","1.00","115000","115000","","Government Legal Profession","London","nan","1.00"
"OD606","Philip Batchelor","SCS2","Director of Strategy, Tax Admin and Reform","Director of Strategy, Tax Admin and Reform","HM Revenue and Customs","HM Revenue and Customs","Customer Strategy & Tax Design","0300 200 3300","contactUs@hmrc.gov.uk","OD109","496314","0.92","100000","100000","","Policy Profession","Northern Ireland","nan","1.00"
"OD608","N/D","SCS1","Unity Programme Director","Unity Programme Director","HM Revenue and Customs","HM Revenue and Customs","People and Place Group","0300 200 3300","contactUs@hmrc.gov.uk","OD108","1954179","1.00","N/A","N/A","","Project Delivery Profession","East Midlands","nan","1.00"
"OD611","N/D","SCS1","DD Business & Specialist Taxes","DD Business & Specialist Taxes","HM Revenue and Customs","HM Revenue and Customs","Customer Services","0300 200 3300","contactUs@hmrc.gov.uk","OD523","57533222","1.00","N/A","N/A","","Project Delivery Profession","East Midlands","nan","1.00"
"OD613","N/D","SCS1","MTD Programme Manager","MTD Programme Manager","HM Revenue and Customs","HM Revenue and Customs","Change Delivery Group","0300 200 3300","contactUs@hmrc.gov.uk","OD151","2254942","1.00","N/A","N/A","","Project Delivery Profession","North West","nan","1.00"
"OD614","N/D","SCS1","Finance Director - Borders and Trade","Finance Director - Borders and Trade","HM Revenue and Customs","HM Revenue and Customs","Borders & Trade","0300 200 3300","contactUs@hmrc.gov.uk","OD781","5620054","1.00","N/A","N/A","","Government Finance Profession","London","nan","1.00"
"OD618","Alexander Pienaar","SCS2","Director of Customs Policy and Strategy","Director of Customs Policy and Strategy","HM Revenue and Customs","HM Revenue and Customs","Borders & Trade","0300 200 3300","contactUs@hmrc.gov.uk","OD781","1366912","1.00","110000","110000","","Policy Profession","London","nan","1.00"
"OD620","N/D","SCS1","Deputy Director Head of Function - LB Compliance Risk","Deputy Director Head of Function - LB Compliance Risk","HM Revenue and Customs","HM Revenue and Customs","Customer Compliance","0300 200 3300","contactUs@hmrc.gov.uk","OD185","2446048","1.00","N/A","N/A","","Government Tax Profession","Wales","nan","1.00"
"OD624","N/D","SCS1","Deputy Director Customer Communication Services","Deputy Director Customer Communication Services","HM Revenue and Customs","HM Revenue and Customs","Customer Services","0300 200 3300","contactUs@hmrc.gov.uk","OD931","4741323","1.00","N/A","N/A","","Operational Delivery Profession","London","nan","1.00"
"OD627","N/D","SCS1","Head of CS&TD Communications","Head of CS&TD Communications","HM Revenue and Customs","HM Revenue and Customs","HMRC Communications","0300 200 3300","contactUs@hmrc.gov.uk","OD259","2165030","1.00","N/A","N/A","","Government Communication Service","South East","nan","1.00"
"OD628","N/D","SCS1","Deputy Director Express Security & Single Trade Window","Deputy Director Express Security & Single Trade Window","HM Revenue and Customs","HM Revenue and Customs","Borders & Trade","0300 200 3300","contactUs@hmrc.gov.uk","OD618","1252567","1.00","N/A","N/A","","Policy Profession","London","nan","1.00"
"OD629","N/D","SCS1","Head of Enterprise Architecture","Head of Enterprise Architecture","HM Revenue and Customs","HM Revenue and Customs","Chief Digital & Information Officer","0300 200 3300","contactUs@hmrc.gov.uk","OD509","3770162","1.00","N/A","N/A","","Other","West Midlands","nan","1.00"
"OD630","N/D","SCS1","Head of Networks & Communications","Head of Networks & Communications","HM Revenue and Customs","HM Revenue and Customs","Chief Digital & Information Officer","0300 200 3300","contactUs@hmrc.gov.uk","OD988","2120775","1.00","N/A","N/A","","Digital, Data and Technology Professions","North East","nan","1.00"
"OD632","N/D","SCS1","Head of Business Services","Head of Business Services","HM Revenue and Customs","HM Revenue and Customs","Chief Digital & Information Officer","0300 200 3300","contactUs@hmrc.gov.uk","OD509","0","1.00","N/A","N/A","","Digital, Data and Technology Professions","London","nan","1.00"
"OD633","Aydin Sheibani","SCS2","Chief Data Officer","Chief Data Officer","HM Revenue and Customs","HM Revenue and Customs","Chief Digital & Information Officer","0300 200 3300","contactUs@hmrc.gov.uk","OD107","750738","1.00","160000","160000","","Other","London","nan","1.00"
"OD635T","Eliminated","SCS1","Deputy Director - COVID-19 Response Programme, HMRC Transformation Group","Deputy Director - COVID-19 Response Programme, HMRC Transformation Group","HM Revenue and Customs","HM Revenue and Customs","Legal","N/A","N/A","OD101","0","1.00","N/A","N/A","","Other","Unknown","Post eliminated from 02/02/2026","1.00"
"OD639","N/D","SCS1","C& E Services Deputy Delivery Director","C& E Services Deputy Delivery Director","HM Revenue and Customs","HM Revenue and Customs","Chief Digital & Information Officer","0300 200 3300","contactUs@hmrc.gov.uk","OD515","2103271","1.00","N/A","N/A","","Project Delivery Profession","North East","nan","1.00"
"OD640","N/D","SCS1","Portfolio Manager/Director","Portfolio Manager/Director","HM Revenue and Customs","HM Revenue and Customs","Chief Digital & Information Officer","0300 200 3300","contactUs@hmrc.gov.uk","OD515","4977820","0.50","N/A","N/A","","Digital, Data and Technology Professions","London","nan","1.00"
"OD641","N/D","SCS1","Service Owner: Digital Services","Service Owner: Digital Services","HM Revenue and Customs","HM Revenue and Customs","Chief Digital & Information Officer","0300 200 3300","contactUs@hmrc.gov.uk","OD558","6769825","1.00","N/A","N/A","","Digital, Data and Technology Professions","Yorkshire and The Humber","nan","1.00"
"OD643","N/D","SCS1","Finance Director, CPO Group","Finance Director, CPO Group","HM Revenue and Customs","HM Revenue and Customs","People and Place Group","0300 200 3300","contactUs@hmrc.gov.uk","OD108","3299183","1.00","N/A","N/A","","Government Finance Profession","North East","nan","1.00"
"OD644","Mike Beddington","SCS2","Director of CSG Strategy & Change","Director of CSG Strategy & Change","HM Revenue and Customs","HM Revenue and Customs","Customer Services","0300 200 3300","contactUs@hmrc.gov.uk","OD103","2430487","1.00","115000","115000","","Operational Delivery Profession","East Midlands","Jobshare","1.00"
"OD644","Steph (Stephney) Jary","SCS2","Director of CSG Strategy & Change","Director of CSG Strategy & Change","HM Revenue and Customs","HM Revenue and Customs","Customer Services","0300 200 3300","contactUs@hmrc.gov.uk","OD103","2430487","1.00","90000","90000","","Operational Delivery Profession","East Midlands","Jobshare","1.00"
"OD645","N/D","SCS1","Head of Enterprise Integration Services","Head of Enterprise Integration Services","HM Revenue and Customs","HM Revenue and Customs","Chief Digital & Information Officer","0300 200 3300","contactUs@hmrc.gov.uk","OD988","3515743","1.00","N/A","N/A","","Digital, Data and Technology Professions","London","nan","1.00"
"OD647","N/D","SCS1","Deputy Director - Business Delivery","Deputy Director - Business Delivery","HM Revenue and Customs","HM Revenue and Customs","Customer Services","0300 200 3300","contactUs@hmrc.gov.uk","OD931","10535427","1.00","N/A","N/A","","Operational Delivery Profession","Scotland","nan","1.00"
"OD655","N/D","SCS1","Deputy Director - Customs Compliance Audit and Law","Deputy Director - Customs Compliance Audit and Law","HM Revenue and Customs","HM Revenue and Customs","Borders & Trade","0300 200 3300","contactUs@hmrc.gov.uk","OD618","3122054","1.00","N/A","N/A","","Policy Profession","London","nan","1.00"
"OD658","N/D","SCS1","Head of Director Innovation","Head of Director Innovation","HM Revenue and Customs","HM Revenue and Customs","Chief Digital & Information Officer","0300 200 3300","contactUs@hmrc.gov.uk","OD509","1281633","1.00","N/A","N/A","","Digital, Data and Technology Professions","London","nan","1.00"
"OD659","N/D","SCS1","Outbound Communication Automation & Voice Services","Outbound Communication Automation & Voice Services","HM Revenue and Customs","HM Revenue and Customs","Chief Digital & Information Officer","0300 200 3300","contactUs@hmrc.gov.uk","OD558","3659619","1.00","N/A","N/A","","Project Delivery Profession","North East","nan","1.00"
"OD660","N/D","SCS1","Director of Security Strategy and Operational Excellence","Director of Security Strategy and Operational Excellence","HM Revenue and Customs","HM Revenue and Customs","Chief Digital & Information Officer","0300 200 3300","contactUs@hmrc.gov.uk","OD420","2715985","1.00","N/A","N/A","","Internal Audit Profession","East Midlands","nan","1.00"
"OD661","N/D","SCS1","Deputy Director Sols Transformation & Governance","Deputy Director Sols Transformation & Governance","HM Revenue and Customs","HM Revenue and Customs","Legal","0300 200 3300","contactUs@hmrc.gov.uk","OD605","3206047","1.00","N/A","N/A","","Project Delivery Profession","London","nan","1.00"
"OD662","N/D","SCS1","DD Data Protection Officer (DPO)","DD Data Protection Officer (DPO)","HM Revenue and Customs","HM Revenue and Customs","Chief Digital & Information Officer","0300 200 3300","contactUs@hmrc.gov.uk","OD633","3489940","1.00","N/A","N/A","","Internal Audit Profession","London","nan","1.00"
"OD665","N/D","SCS1","Deputy Director of VAT Infrastructure and SDIL (Soft Drinks Industry Levy)","Deputy Director of VAT Infrastructure and SDIL (Soft Drinks Industry Levy)","HM Revenue and Customs","HM Revenue and Customs","Customer Strategy & Tax Design","0300 200 3300","contactUs@hmrc.gov.uk","OD722","3445648","1.00","N/A","N/A","","Policy Profession","North West","nan","1.00"
"OD666","N/D","SCS1","HR Director for Enterprise Transformation Group, Customer Strategy and Tax Design","HR Director for Enterprise Transformation Group, Customer Strategy and Tax Design","HM Revenue and Customs","HM Revenue and Customs","People and Place Group","0300 200 3300","contactUs@hmrc.gov.uk","OD108","1304366","1.00","N/A","N/A","","Human Resources Profession","Wales","nan","1.00"
"OD667","N/D","SCS1","Deputy Director, Internal Audit - Role 1","Deputy Director, Internal Audit - Role 1","HM Revenue and Customs","HM Revenue and Customs","Chief Finance Officer Group","0300 200 3300","contactUs@hmrc.gov.uk","OD256","2165990","1.00","N/A","N/A","","Internal Audit Profession","East Midlands","nan","1.00"
"OD670","Vacant","SCS1","Deputy Director UK Transition Policy & Strategy","Deputy Director UK Transition Policy & Strategy","HM Revenue and Customs","HM Revenue and Customs","Chief Digital & Information Officer","N/A","N/A","OD101","0","1.00","N/A","N/A","","Other","Unknown","Post became vacant on 22/12/2025","1.00"
"OD671","N/D","SCS1","DD Resource Planning & Demand Analysis","DD Resource Planning & Demand Analysis","HM Revenue and Customs","HM Revenue and Customs","Customer Services","0300 200 3300","contactUs@hmrc.gov.uk","OD523","6801186","1.00","N/A","N/A","","Operational Delivery Profession","North West","Jobshare","1.00"
"OD671","N/D","SCS1","DD Resource Planning & Demand Analysis","DD Resource Planning & Demand Analysis","HM Revenue and Customs","HM Revenue and Customs","Customer Services","0300 200 3300","contactUs@hmrc.gov.uk","OD523","6801186","1.00","N/A","N/A","","Operational Delivery Profession","North West","Jobshare","1.00"
"OD673","N/D","SCS1","Head of Cyber Security Technical Services","Head of Cyber Security Technical Services","HM Revenue and Customs","HM Revenue and Customs","Chief Digital & Information Officer","0300 200 3300","contactUs@hmrc.gov.uk","OD420","6877740","1.00","N/A","N/A","","Internal Audit Profession","Wales","nan","1.00"
"OD674","N/D","SCS1","DD Projects, Planning and Delivery","DD Projects, Planning and Delivery","HM Revenue and Customs","HM Revenue and Customs","People and Place Group","0300 200 3300","contactUs@hmrc.gov.uk","OD1041","2494042","1.00","N/A","N/A","","Government Property Profession","Northern Ireland","nan","1.00"
"OD675","N/D","SCS1","Deputy Director UBS Finance & Procurement Operations","Deputy Director UBS Finance & Procurement Operations","HM Revenue and Customs","HM Revenue and Customs","People and Place Group","0300 200 3300","contactUs@hmrc.gov.uk","OD1017","5430153","0.50","N/A","N/A","","Government Finance Profession","London","nan","1.00"
"OD677","N/D","SCS1","Deputy Director, IT Delivery Head of PMO","Deputy Director, IT Delivery Head of PMO","HM Revenue and Customs","HM Revenue and Customs","Chief Digital & Information Officer","0300 200 3300","contactUs@hmrc.gov.uk","OD515","0","1.00","N/A","N/A","","Project Delivery Profession","North West","nan","1.00"
"OD678","Vacant","SCS1","CDS Migration and onboarding","CDS Migration and onboarding","HM Revenue and Customs","HM Revenue and Customs","Borders & Trade","N/A","N/A","OD101","0","1.00","N/A","N/A","","Other","Unknown","Post became vacant on 05/07/2024","1.00"
"OD688","N/D","SCS1","Head of Enterprise Cloud Services","Head of Enterprise Cloud Services","HM Revenue and Customs","HM Revenue and Customs","Chief Digital & Information Officer","0300 200 3300","contactUs@hmrc.gov.uk","OD988","3217481","1.00","N/A","N/A","","Digital, Data and Technology Professions","North East","nan","1.00"
"OD690","N/D","SCS1","Deputy Director Future Strategies & Innovation","Deputy Director Future Strategies & Innovation","HM Revenue and Customs","HM Revenue and Customs","Customer Strategy & Tax Design","0300 200 3300","contactUs@hmrc.gov.uk","OD606","839431","1.00","N/A","N/A","","Policy Profession","London","nan","1.00"
"OD692","Varsha Gulabivala","SCS2","Head of Strategy & Solutions & Architecture","Head of Strategy & Solutions & Architecture","HM Revenue and Customs","HM Revenue and Customs","Chief Digital & Information Officer","0300 200 3300","contactUs@hmrc.gov.uk","OD509","2709894","1.00","100000","100000","","Digital, Data and Technology Professions","London","nan","1.00"
"OD695","N/D","SCS1","Service owner: Response, Exceptions and Analytics","Service owner: Response, Exceptions and Analytics","HM Revenue and Customs","HM Revenue and Customs","Chief Digital & Information Officer","0300 200 3300","contactUs@hmrc.gov.uk","OD987","374249","1.00","N/A","N/A","","Project Delivery Profession","South East","Reporting To Costs Escalated to OD987","1.00"
"OD696","Vacant","SCS1","Valuation Office Agency Programme Director","Valuation Office Agency Programme Director","HM Revenue and Customs","HM Revenue and Customs","Chief Digital & Information Officer","N/A","N/A","OD101","0","1.00","N/A","N/A","","Other","Unknown","Post became vacant on 29/01/2025","1.00"
"OD700","N/D","SCS1","Deputy Director Strategic Communications","Deputy Director Strategic Communications","HM Revenue and Customs","HM Revenue and Customs","HMRC Communications","0300 200 3300","contactUs@hmrc.gov.uk","OD259","3120686","1.00","N/A","N/A","","Government Communication Service","North West","nan","1.00"
"OD703","N/D","SCS1","Deputy Director Operational Excellece, Customer Resolutions","Deputy Director Operational Excellece, Customer Resolutions","HM Revenue and Customs","HM Revenue and Customs","Customer Services","0300 200 3300","contactUs@hmrc.gov.uk","OD931","13521696","1.00","N/A","N/A","","Operational Delivery Profession","North West","nan","1.00"
"OD705","Jane (Elizabeth) Whittaker","SCS2","Director Knowledge, Analysis & Intelligence - Role 1","Director Knowledge, Analysis & Intelligence - Role 1","HM Revenue and Customs","HM Revenue and Customs","Enterprise Transformation Group","0300 200 3300","contactUs@hmrc.gov.uk","OD835","1762225","1.00","115000","115000","","Government Statistical Service Profession","London","nan","1.00"
"OD709","Vacant","SCS1","Deputy Director Financial Management","Deputy Director Financial Management","HM Revenue and Customs","HM Revenue and Customs","Chief Digital & Information Officer","N/A","N/A","OD101","0","1.00","N/A","N/A","","Other","Unknown","Post became vacant on 10/09/2025","1.00"
"OD714","N/D","SCS1","Principal Business Architect","Principal Business Architect","HM Revenue and Customs","HM Revenue and Customs","Enterprise Transformation Group","0300 200 3300","contactUs@hmrc.gov.uk","OD705","442712","1.00","N/A","N/A","","Digital, Data and Technology Professions","West Midlands","nan","1.00"
"OD718","Vacant","SCS1","Deputy Director Strategic Prioritisation and Insight","Deputy Director Strategic Prioritisation and Insight","HM Revenue and Customs","HM Revenue and Customs","Customer Compliance","N/A","N/A","OD101","0","1.00","N/A","N/A","","Other","Unknown","Post became vacant on 22/12/2025","1.00"
"OD721","Chris Southworth","SCS2","Director Compliance Strategy Delivery","Director Compliance Strategy Delivery","HM Revenue and Customs","HM Revenue and Customs","Customer Compliance","0300 200 3300","contactUs@hmrc.gov.uk","OD106","582757","1.00","115000","115000","","Policy Profession","London","nan","1.00"
"OD722","Rachel Nixon","SCS2","Director Indirect Tax","Director Indirect Tax","HM Revenue and Customs","HM Revenue and Customs","Customer Strategy & Tax Design","0300 200 3300","contactUs@hmrc.gov.uk","OD109","794772","1.00","115000","115000","","Policy Profession","London","nan","1.00"
"OD725","N/D","SCS1","DD Counter Avoidance Operations Delivery 3","DD Counter Avoidance Operations Delivery 3","HM Revenue and Customs","HM Revenue and Customs","Customer Compliance","0300 200 3300","contactUs@hmrc.gov.uk","OD514","7277196","1.00","N/A","N/A","","Government Tax Profession","Yorkshire and The Humber","nan","1.00"
"OD729","N/D","SCS1","DD Customer Technical & Product Ownersip","DD Customer Technical & Product Ownersip","HM Revenue and Customs","HM Revenue and Customs","Borders & Trade","0300 200 3300","contactUs@hmrc.gov.uk","OD618","3990947","1.00","N/A","N/A","","Policy Profession","London","nan","1.00"
"OD730","N/D","SCS1","Deputy Director - NI Policy","Deputy Director - NI Policy","HM Revenue and Customs","HM Revenue and Customs","Borders & Trade","0300 200 3300","contactUs@hmrc.gov.uk","OD618","2490736","1.00","N/A","N/A","","Policy Profession","London","nan","1.00"
"OD731","N/D","SCS1","HR Director Regional Transformation","HR Director Regional Transformation","HM Revenue and Customs","HM Revenue and Customs","People and Place Group","0300 200 3300","contactUs@hmrc.gov.uk","OD1141","3625846","0.85","N/A","N/A","","Human Resources Profession","Wales","nan","1.00"
"OD734","N/D","SCS1","DD Head of Guidance, Stakeholder Engagement, Transit Authorisations & Facilitations","DD Head of Guidance, Stakeholder Engagement, Transit Authorisations & Facilitations","HM Revenue and Customs","HM Revenue and Customs","Borders & Trade","0300 200 3300","contactUs@hmrc.gov.uk","OD618","3334930","1.00","N/A","N/A","","Policy Profession","London","nan","1.00"
"OD751","N/D","SCS1","DD Customs Operational Lead","DD Customs Operational Lead","HM Revenue and Customs","HM Revenue and Customs","Customer Services","0300 200 3300","contactUs@hmrc.gov.uk","OD523","33441665","1.00","N/A","N/A","","Operational Delivery Profession","North West","nan","1.00"
"OD753","Vacant","SCS1","Deputy Director - Diversity & Inclusion","Deputy Director - Diversity & Inclusion","HM Revenue and Customs","HM Revenue and Customs","People and Place Group","N/A","N/A","OD101","0","1.00","N/A","N/A","","Other","Unknown","Post became vacant on 10/03/2026","1.00"
"OD755","N/D","SCS1","Director of People Analytics and Insight","Director of People Analytics and Insight","HM Revenue and Customs","HM Revenue and Customs","People and Place Group","0300 200 3300","contactUs@hmrc.gov.uk","OD252","2979689","1.00","N/A","N/A","","Government Social Research Profession","West Midlands","nan","1.00"
"OD757","N/D","SCS1","Deputy Director, Guidance","Deputy Director, Guidance","HM Revenue and Customs","HM Revenue and Customs","Customer Services","0300 200 3300","contactUs@hmrc.gov.uk","OD230","11256206","1.00","N/A","N/A","","Operational Delivery Profession","Scotland","nan","1.00"
"OD758","N/D","SCS1","Service owner: Corporate services","Service owner: Corporate services","HM Revenue and Customs","HM Revenue and Customs","Chief Digital & Information Officer","0300 200 3300","contactUs@hmrc.gov.uk","OD1003","127010","1.00","N/A","N/A","","Other","South West","Reporting To Costs Escalated to OD1003","1.00"
"OD759","N/D","SCS1","Service Owner: CDPO Head of Governance and Delivery Enablement","Service Owner: CDPO Head of Governance and Delivery Enablement","HM Revenue and Customs","HM Revenue and Customs","Chief Digital & Information Officer","0300 200 3300","contactUs@hmrc.gov.uk","OD987","9089675","1.00","N/A","N/A","","Digital, Data and Technology Professions","North West","nan","1.00"
"OD760","N/D","SCS1","Service owner: Criminal investigation and avoidance disruption","Service owner: Criminal investigation and avoidance disruption","HM Revenue and Customs","HM Revenue and Customs","Chief Digital & Information Officer","0300 200 3300","contactUs@hmrc.gov.uk","OD695","3096584","1.00","N/A","N/A","","Digital, Data and Technology Professions","West Midlands","nan","1.00"
"OD763","N/D","SCS1","Service Owner: Debt Management and Liabilities","Service Owner: Debt Management and Liabilities","HM Revenue and Customs","HM Revenue and Customs","Chief Digital & Information Officer","0300 200 3300","contactUs@hmrc.gov.uk","OD1058","480317","1.00","N/A","N/A","","Digital, Data and Technology Professions","North East","nan","1.00"
"OD764","N/D","SCS1","Service owner: Business Tax","Service owner: Business Tax","HM Revenue and Customs","HM Revenue and Customs","Chief Digital & Information Officer","0300 200 3300","contactUs@hmrc.gov.uk","OD987","3099219","1.00","N/A","N/A","","Digital, Data and Technology Professions","East Midlands","nan","1.00"
"OD765","N/D","SCS1","Deputy Director, Tax Administration Framework Review","Deputy Director, Tax Administration Framework Review","HM Revenue and Customs","HM Revenue and Customs","Customer Strategy & Tax Design","0300 200 3300","contactUs@hmrc.gov.uk","OD570","1164145","1.00","N/A","N/A","","Policy Profession","North West","nan","1.00"
"OD767","Max Hacon","SCS2","Director of Policy and Business Programmes","Director of Policy and Business Programmes","HM Revenue and Customs","HM Revenue and Customs","Change Delivery Group","0300 200 3300","contactUs@hmrc.gov.uk","OD989","1067733","1.00","115000","115000","","Project Delivery Profession","North East","nan","1.00"
"OD768","Ann Conway-Hughes","SCS2","Director Transformation","Director Transformation","HM Revenue and Customs","HM Revenue and Customs","Customer Compliance","0300 200 3300","contactUs@hmrc.gov.uk","OD106","478845","0.60","160000","160000","","Other","London","nan","1.00"
"OD769","Gill Evans","SCS2","Director of Border Service, Data & Desgin","Director of Border Service, Data & Desgin","HM Revenue and Customs","HM Revenue and Customs","Borders & Trade","0300 200 3300","contactUs@hmrc.gov.uk","OD781","655945","1.00","115000","115000","","Project Delivery Profession","North West","nan","1.00"
"OD770","Vacant","SCS1","Director of Customs Operational Services","Director of Customs Operational Services","HM Revenue and Customs","HM Revenue and Customs","Borders & Trade","N/A","N/A","OD101","0","1.00","N/A","N/A","","Other","Unknown","Post became vacant on 28/11/2024","1.00"
"OD771","Vacant","SCS1","HR Director Transforming the Way we Work and Equality, Diversity & Inclusion","HR Director Transforming the Way we Work and Equality, Diversity & Inclusion","HM Revenue and Customs","HM Revenue and Customs","People and Place Group","N/A","N/A","OD101","0","1.00","N/A","N/A","","Other","Unknown","Post became vacant on 07/10/2025","1.00"
"OD774","N/D","SCS1","Deputy Director Customs Strategy & Capability","Deputy Director Customs Strategy & Capability","HM Revenue and Customs","HM Revenue and Customs","Borders & Trade","0300 200 3300","contactUs@hmrc.gov.uk","OD618","3297945","1.00","N/A","N/A","","Policy Profession","London","nan","1.00"
"OD775","N/D","SCS1","DD Import/Export Deputy Regime Owner, Customs Controls, Declarations, Infrastructure and Briefing (Role 1)","DD Import/Export Deputy Regime Owner, Customs Controls, Declarations, Infrastructure and Briefing (Role 1)","HM Revenue and Customs","HM Revenue and Customs","Borders & Trade","0300 200 3300","contactUs@hmrc.gov.uk","OD618","220527","0.48","N/A","N/A","","Policy Profession","London","Reporting To Costs Escalated to OD618","1.00"
"OD777","N/D","SCS1","DD Counter Avoidance Policy and Technical 1","DD Counter Avoidance Policy and Technical 1","HM Revenue and Customs","HM Revenue and Customs","Customer Compliance","0300 200 3300","contactUs@hmrc.gov.uk","OD514","549512","0.80","N/A","N/A","","Policy Profession","London","nan","1.00"
"OD778","N/D","SCS1","Deputy Director Strategy","Deputy Director Strategy","HM Revenue and Customs","HM Revenue and Customs","Customer Compliance","0300 200 3300","contactUs@hmrc.gov.uk","OD595","7741790","1.00","N/A","N/A","","Intelligence Analysis","London","nan","1.00"
"OD779","N/D","SCS1","Director of Cyber Security Operations","Director of Cyber Security Operations","HM Revenue and Customs","HM Revenue and Customs","Chief Digital & Information Officer","0300 200 3300","contactUs@hmrc.gov.uk","OD420","2096026","1.00","N/A","N/A","","Internal Audit Profession","East Midlands","nan","1.00"
"OD781","Carol Bristow","SCS3","Director General - Borders and Trade","Director General - Borders and Trade","HM Revenue and Customs","HM Revenue and Customs","Borders & Trade","0300 200 3300","contactUs@hmrc.gov.uk","OD101","626794","1.00","150000","150000","","Government Tax Profession","London","nan","1.00"
"OD783","N/D","SCS1","Service owner: Valuation Office Customer Group","Service owner: Valuation Office Customer Group","HM Revenue and Customs","HM Revenue and Customs","Chief Digital & Information Officer","0300 200 3300","contactUs@hmrc.gov.uk","OD987","3641176","1.00","N/A","N/A","","Digital, Data and Technology Professions","North East","nan","1.00"
"OD784","N/D","SCS1","Deputy Head of User-centred Design","Deputy Head of User-centred Design","HM Revenue and Customs","HM Revenue and Customs","Chief Digital & Information Officer","0300 200 3300","contactUs@hmrc.gov.uk","OD509","6840255","1.00","N/A","N/A","","Other","London","nan","1.00"
"OD785","N/D","SCS1","Chief of Staff and Head of Office to Chief Executive, HMRC","Chief of Staff and Head of Office to Chief Executive, HMRC","HM Revenue and Customs","HM Revenue and Customs","Permanent Secretary Office","0300 200 3300","contactUs@hmrc.gov.uk","OD101","1204604","1.00","N/A","N/A","","Human Resources Profession","London","nan","1.00"
"OD786","N/D","SCS1","Deputy Director for Customer Education","Deputy Director for Customer Education","HM Revenue and Customs","HM Revenue and Customs","Customer Services","0300 200 3300","contactUs@hmrc.gov.uk","OD230","2582218","1.00","N/A","N/A","","Government Communication Service","South West","nan","1.00"
"OD791","N/D","SCS1","Deputy Director Investment Planning","Deputy Director Investment Planning","HM Revenue and Customs","HM Revenue and Customs","Chief Finance Officer Group","0300 200 3300","contactUs@hmrc.gov.uk","OD794","1070966","1.00","N/A","N/A","","Government Finance Profession","North West","nan","1.00"
"OD792","N/D","SCS1","Deputy Director Portfolio Strategy and Foresight.","Deputy Director Portfolio Strategy and Foresight.","HM Revenue and Customs","HM Revenue and Customs","Enterprise Transformation Group","0300 200 3300","contactUs@hmrc.gov.uk","OD507","1320865","1.00","N/A","N/A","","Project Delivery Profession","London","nan","1.00"
"OD794","Ian Clarke","SCS2","Director Financial Strategy & Performance","Director Financial Strategy & Performance","HM Revenue and Customs","HM Revenue and Customs","Chief Finance Officer Group","0300 200 3300","contactUs@hmrc.gov.uk","OD105","702179","1.00","120000","120000","","Government Finance Profession","London","nan","1.00"
"OD798","N/D","SCS1","Deputy Director for Communications, Borders & Trade","Deputy Director for Communications, Borders & Trade","HM Revenue and Customs","HM Revenue and Customs","HMRC Communications","0300 200 3300","contactUs@hmrc.gov.uk","OD259","569387","1.00","N/A","N/A","","Government Communication Service","South West","nan","1.00"
"OD802","N/D","SCS1","Deputy Director Head of Strategic Design","Deputy Director Head of Strategic Design","HM Revenue and Customs","HM Revenue and Customs","Change Delivery Group","0300 200 3300","contactUs@hmrc.gov.uk","OD151","873470","1.00","N/A","N/A","","Project Delivery Profession","London","nan","1.00"
"OD806","N/D","SCS1","Deputy Director KAI Hub for Evidence, Assurance, Research and Technology (HEART)","Deputy Director KAI Hub for Evidence, Assurance, Research and Technology (HEART)","HM Revenue and Customs","HM Revenue and Customs","Customer Strategy & Tax Design","0300 200 3300","contactUs@hmrc.gov.uk","OD419","5071020","1.00","N/A","N/A","","Government Statistical Service Profession","North West","Jobshare","1.00"
"OD806","N/D","SCS1","Deputy Director KAI Hub for Evidence, Assurance, Research and Technology (HEART)","Deputy Director KAI Hub for Evidence, Assurance, Research and Technology (HEART)","HM Revenue and Customs","HM Revenue and Customs","Customer Strategy & Tax Design","0300 200 3300","contactUs@hmrc.gov.uk","OD419","5071020","1.00","N/A","N/A","","Government Statistical Service Profession","North West","Jobshare","1.00"
"OD807","N/D","SCS1","Deputy Director Strategy Planning and Performance","Deputy Director Strategy Planning and Performance","HM Revenue and Customs","HM Revenue and Customs","Customer Strategy & Tax Design","0300 200 3300","contactUs@hmrc.gov.uk","OD722","1154037","1.00","N/A","N/A","","Other","London","nan","1.00"
"OD813","N/D","SCS1","Deputy Director Release Management","Deputy Director Release Management","HM Revenue and Customs","HM Revenue and Customs","Enterprise Transformation Group","0300 200 3300","contactUs@hmrc.gov.uk","OD507","0","1.00","N/A","N/A","","Project Delivery Profession","London","nan","1.00"
"OD814","N/D","SCS1","Deputy Director Digital Platforms Owner","Deputy Director Digital Platforms Owner","HM Revenue and Customs","HM Revenue and Customs","Chief Digital & Information Officer","0300 200 3300","contactUs@hmrc.gov.uk","OD988","8583958","1.00","N/A","N/A","","Digital, Data and Technology Professions","North East","nan","1.00"
"OD817","N/D","SCS1","Programme Director, Customs Declaration Service","Programme Director, Customs Declaration Service","HM Revenue and Customs","HM Revenue and Customs","Chief Digital & Information Officer","0300 200 3300","contactUs@hmrc.gov.uk","OD515","578530","1.00","N/A","N/A","","Project Delivery Profession","London","nan","1.00"
"OD818","N/D","SCS1","Deputy Director Tax Administration: Policy (Flex)","Deputy Director Tax Administration: Policy (Flex)","HM Revenue and Customs","HM Revenue and Customs","Customer Strategy & Tax Design","0300 200 3300","contactUs@hmrc.gov.uk","OD606","1639853","0.60","N/A","N/A","","Policy Profession","North West","nan","1.00"
"OD819","N/D","SCS1","Deputy Director – Policy Co-ordination Unit (PCU)","Deputy Director – Policy Co-ordination Unit (PCU)","HM Revenue and Customs","HM Revenue and Customs","Customer Strategy & Tax Design","0300 200 3300","contactUs@hmrc.gov.uk","OD418","3048519","0.80","N/A","N/A","","Policy Profession","London","nan","1.00"
"OD821","N/D","SCS1","Deputy Director for Engineering and Live Service (Customs and Border Platform)","Deputy Director for Engineering and Live Service (Customs and Border Platform)","HM Revenue and Customs","HM Revenue and Customs","Chief Digital & Information Officer","0300 200 3300","contactUs@hmrc.gov.uk","OD515","6441237","1.00","N/A","N/A","","Digital, Data and Technology Professions","West Midlands","nan","1.00"
"OD825","N/D","SCS1","DD B6 Customs and Excise Advisory Team","DD B6 Customs and Excise Advisory Team","HM Revenue and Customs","HM Revenue and Customs","Legal","0300 200 3300","contactUs@hmrc.gov.uk","OD345","2486891","1.00","N/A","N/A","","Government Legal Profession","London","Jobshare","1.00"
"OD825","N/D","SCS1","DD B6 Customs and Excise Advisory Team","DD B6 Customs and Excise Advisory Team","HM Revenue and Customs","HM Revenue and Customs","Legal","0300 200 3300","contactUs@hmrc.gov.uk","OD345","2486891","1.00","N/A","N/A","","Government Legal Profession","London","Jobshare","1.00"
"OD827","Vacant","SCS1","Programme Director – Trader Support Service","Programme Director – Trader Support Service","HM Revenue and Customs","HM Revenue and Customs","Borders & Trade","N/A","N/A","OD101","0","1.00","N/A","N/A","","Other","Unknown","Post became vacant on 05/07/2024","1.00"
"OD828","N/D","SCS1","Deputy Director Borders and Trade Strategy","Deputy Director Borders and Trade Strategy","HM Revenue and Customs","HM Revenue and Customs","Borders & Trade","0300 200 3300","contactUs@hmrc.gov.uk","OD769","0","1.00","N/A","N/A","","Other","London","nan","1.00"
"OD830","N/D","SCS1","Deputy Director for People, Process and Technology","Deputy Director for People, Process and Technology","HM Revenue and Customs","HM Revenue and Customs","People and Place Group","0300 200 3300","contactUs@hmrc.gov.uk","OD1017","3187481","1.00","N/A","N/A","","Digital, Data and Technology Professions","East Midlands","nan","1.00"
"OD833","N/D","SCS1","Compliance Design Lead Repayments and Losses","Compliance Design Lead Repayments and Losses","HM Revenue and Customs","HM Revenue and Customs","Customer Compliance","0300 200 3300","contactUs@hmrc.gov.uk","OD942T","806521","1.00","N/A","N/A","","Government Tax Profession","London","nan","1.00"
"OD835","James Mitton","SCS3","Director General Enterprise Transformation","Director General Enterprise Transformation","HM Revenue and Customs","HM Revenue and Customs","Enterprise Transformation Group","0300 200 3300","contactUs@hmrc.gov.uk","OD102","902345","1.00","150000","150000","","Operational Delivery Profession","North West","nan","1.00"
"OD837","N/D","SCS1","Principal Business Architect","Principal Business Architect","HM Revenue and Customs","HM Revenue and Customs","Enterprise Transformation Group","0300 200 3300","contactUs@hmrc.gov.uk","OD705","538439","1.00","N/A","N/A","","Digital, Data and Technology Professions","Wales","nan","1.00"
"OD838","N/D","SCS1","Principal Business Architect","Principal Business Architect","HM Revenue and Customs","HM Revenue and Customs","Enterprise Transformation Group","0300 200 3300","contactUs@hmrc.gov.uk","OD705","362819","1.00","N/A","N/A","","Digital, Data and Technology Professions","London","nan","1.00"
"OD839","N/D","SCS1","Principal Business Architect","Principal Business Architect","HM Revenue and Customs","HM Revenue and Customs","Enterprise Transformation Group","0300 200 3300","contactUs@hmrc.gov.uk","OD705","0","1.00","N/A","N/A","","Digital, Data and Technology Professions","North West","nan","1.00"
"OD840","N/D","SCS1","Principal Business Architect","Principal Business Architect","HM Revenue and Customs","HM Revenue and Customs","Enterprise Transformation Group","0300 200 3300","contactUs@hmrc.gov.uk","OD705","284435","1.00","N/A","N/A","","Digital, Data and Technology Professions","Yorkshire and The Humber","Reporting To Costs Escalated to OD705","1.00"
"OD841","N/D","SCS1","Principal Business Architect","Principal Business Architect","HM Revenue and Customs","HM Revenue and Customs","Enterprise Transformation Group","0300 200 3300","contactUs@hmrc.gov.uk","OD705","488991","1.00","N/A","N/A","","Digital, Data and Technology Professions","Wales","nan","1.00"
"OD843","Vacant","SCS1","Director Business Driven Change & Pensions Director","Director Business Driven Change & Pensions Director","HM Revenue and Customs","HM Revenue and Customs","Change Delivery Group","N/A","N/A","OD101","0","1.00","N/A","N/A","","Other","Unknown","Post became vacant on 29/11/2024","1.00"
"OD845","Vacant","SCS1","DD CCG Transformation Business Partnering Lead","DD CCG Transformation Business Partnering Lead","HM Revenue and Customs","HM Revenue and Customs","Customer Compliance","N/A","N/A","OD101","0","1.00","N/A","N/A","","Other","Unknown","Post became vacant on 22/12/2025","1.00"
"OD846","N/D","SCS1","DD CCG Transformation Programme and Project Management Lead","DD CCG Transformation Programme and Project Management Lead","HM Revenue and Customs","HM Revenue and Customs","Customer Compliance","0300 200 3300","contactUs@hmrc.gov.uk","OD768","6775705","1.00","N/A","N/A","","Project Delivery Profession","North East","nan","1.00"
"OD847","N/D","SCS1","DD CCG Transformation Business Change Lead","DD CCG Transformation Business Change Lead","HM Revenue and Customs","HM Revenue and Customs","Customer Compliance","0300 200 3300","contactUs@hmrc.gov.uk","OD768","270652","1.00","N/A","N/A","","Project Delivery Profession","London","Reporting To Costs Escalated to OD768","1.00"
"OD850T","N/D","SCS1","Deputy Director RIS Strategic Risking","Deputy Director RIS Strategic Risking","HM Revenue and Customs","HM Revenue and Customs","Customer Compliance","0300 200 3300","contactUs@hmrc.gov.uk","OD273","3546864","1.00","N/A","N/A","","Operational Delivery Profession","London","nan","1.00"
"OD852","N/D","SCS1","DD Economic Crime","DD Economic Crime","HM Revenue and Customs","HM Revenue and Customs","Customer Compliance","0300 200 3300","contactUs@hmrc.gov.uk","OD276","29281399","1.00","N/A","N/A","","Counter-fraud Standards and Profession","London","nan","1.00"
"OD853","N/D","SCS1","DD Investigation Services","DD Investigation Services","HM Revenue and Customs","HM Revenue and Customs","Customer Compliance","0300 200 3300","contactUs@hmrc.gov.uk","OD276","25230116","1.00","N/A","N/A","","Counter-fraud Standards and Profession","Scotland","nan","1.00"
"OD855","N/D","SCS1","Portfolio Delivery Deputy Director","Portfolio Delivery Deputy Director","HM Revenue and Customs","HM Revenue and Customs","Customer Compliance","0300 200 3300","contactUs@hmrc.gov.uk","OD768","2687220","1.00","N/A","N/A","","Project Delivery Profession","West Midlands","nan","1.00"
"OD858","N/D","SCS1","DD Import/Export Deputy Regime Owner, Customs Controls, Declarations, Infrastructure and Briefing (Role 2)","DD Import/Export Deputy Regime Owner, Customs Controls, Declarations, Infrastructure and Briefing (Role 2)","HM Revenue and Customs","HM Revenue and Customs","Borders & Trade","0300 200 3300","contactUs@hmrc.gov.uk","OD618","1865814","1.00","N/A","N/A","","Policy Profession","London","nan","1.00"
"OD864T","N/D","SCS1","Programme Director, Single Customs Platform Programme","Programme Director, Single Customs Platform Programme","HM Revenue and Customs","HM Revenue and Customs","Borders & Trade","0300 200 3300","contactUs@hmrc.gov.uk","OD565","5644938","1.00","N/A","N/A","","Project Delivery Profession","Yorkshire and The Humber","nan","1.00"
"OD865","N/D","SCS1","DD Reviews, Miniserial Correspondence (mincom) and informationa rights","DD Reviews, Miniserial Correspondence (mincom) and informationa rights","HM Revenue and Customs","HM Revenue and Customs","Legal","0300 200 3300","contactUs@hmrc.gov.uk","OD605","23324505","1.00","N/A","N/A","","Government Legal Profession","North East","nan","1.00"
"OD866","N/D","SCS1","DD Operational Litigation","DD Operational Litigation","HM Revenue and Customs","HM Revenue and Customs","Legal","0300 200 3300","contactUs@hmrc.gov.uk","OD344","23709898","1.00","N/A","N/A","","Government Legal Profession","East Midlands","nan","1.00"
"OD868","N/D","SCS1","Deputy Director Capability Development","Deputy Director Capability Development","HM Revenue and Customs","HM Revenue and Customs","Borders & Trade","0300 200 3300","contactUs@hmrc.gov.uk","OD769","938145","1.00","N/A","N/A","","Project Delivery Profession","East Midlands","nan","1.00"
"OD869","Vacant","SCS1","Data Protection Remediation Programme Director","Data Protection Remediation Programme Director","HM Revenue and Customs","HM Revenue and Customs","Change Delivery Group","N/A","N/A","OD101","0","1.00","N/A","N/A","","Other","Unknown","Post became vacant on 05/07/2024","1.00"
"OD870","Vacant","SCS1","Deputy Director, RIS People, Planning and Performance Change","Deputy Director, RIS People, Planning and Performance Change","HM Revenue and Customs","HM Revenue and Customs","Customer Compliance","N/A","N/A","OD101","0","1.00","N/A","N/A","","Other","Unknown","Post became vacant on 01/04/2026","1.00"
"OD873","N/D","SCS1","Programme Director for the digitising post programme","Programme Director for the digitising post programme","HM Revenue and Customs","HM Revenue and Customs","Customer Strategy & Tax Design","0300 200 3300","contactUs@hmrc.gov.uk","OD570","487871","1.00","N/A","N/A","","Operational Delivery Profession","Yorkshire and The Humber","nan","1.00"
"OD875","N/D","SCS1","Programme Director Debt Transformation","Programme Director Debt Transformation","HM Revenue and Customs","HM Revenue and Customs","Change Delivery Group","0300 200 3300","contactUs@hmrc.gov.uk","OD1104","2638400","1.00","N/A","N/A","","Project Delivery Profession","West Midlands","nan","1.00"
"OD878","N/D","SCS1","Head of Inland Border Facilities","Head of Inland Border Facilities","HM Revenue and Customs","HM Revenue and Customs","Borders & Trade","0300 200 3300","contactUs@hmrc.gov.uk","OD769","1913862","1.00","N/A","N/A","","Operational Delivery Profession","Wales","nan","1.00"
"OD882","N/D","SCS1","Programme Director – Intermediaries Programme","Programme Director – Intermediaries Programme","HM Revenue and Customs","HM Revenue and Customs","Change Delivery Group","0300 200 3300","contactUs@hmrc.gov.uk","OD767","1137343","0.54","N/A","N/A","","Project Delivery Profession","East Midlands","nan","1.00"
"OD884","N/D","SCS1","Project Delivery Director - GB Declaration Imports & Exports","Project Delivery Director - GB Declaration Imports & Exports","HM Revenue and Customs","HM Revenue and Customs","Borders & Trade","0300 200 3300","contactUs@hmrc.gov.uk","OD565","2158279","1.00","N/A","N/A","","Project Delivery Profession","Yorkshire and The Humber","nan","1.00"
"OD885","N/D","SCS1","Out on loan to MoD","Out on loan to MoD","HM Revenue and Customs","HM Revenue and Customs","Borders & Trade","0300 200 3300","contactUs@hmrc.gov.uk","OD565","447625","1.00","N/A","N/A","","Project Delivery Profession","South West","nan","1.00"
"OD888","Vacant","SCS1","Account Management - Ports and Carriers","Account Management - Ports and Carriers","HM Revenue and Customs","HM Revenue and Customs","Customer Compliance","N/A","N/A","OD101","0","1.00","N/A","N/A","","Other","Unknown","Post became vacant on 22/12/2025","1.00"
"OD889","Vacant","SCS1","Account Management - Traders and Intermeddiaries","Account Management - Traders and Intermeddiaries","HM Revenue and Customs","HM Revenue and Customs","Customer Compliance","N/A","N/A","OD101","0","1.00","N/A","N/A","","Other","Unknown","Post became vacant on 22/12/2025","1.00"
"OD892","Paul Williams","SCS2","Director Technology Transformation","Director Technology Transformation","HM Revenue and Customs","HM Revenue and Customs","Change Delivery Group","0300 200 3300","contactUs@hmrc.gov.uk","OD989","744838","1.00","110000","110000","","Project Delivery Profession","West Midlands","nan","1.00"
"OD893","Vacant","SCS1","Director of Strategic Workforce Planning, Business Partnering and Culture","Director of Strategic Workforce Planning, Business Partnering and Culture","HM Revenue and Customs","HM Revenue and Customs","People and Place Group","N/A","N/A","OD101","0","1.00","N/A","N/A","","Other","Unknown","Post became vacant on 16/02/2026","1.00"
"OD894","N/D","SCS1","Head of Project Professional Excellence","Head of Project Professional Excellence","HM Revenue and Customs","HM Revenue and Customs","Change Delivery Group","0300 200 3300","contactUs@hmrc.gov.uk","OD989","1919547","1.00","N/A","N/A","","Project Delivery Profession","South East","nan","1.00"
"OD895","N/D","SCS1","Deputy Director, Information Management and Security","Deputy Director, Information Management and Security","HM Revenue and Customs","HM Revenue and Customs","Customer Compliance","0300 200 3300","contactUs@hmrc.gov.uk","OD562","1987087","1.00","N/A","N/A","","Digital, Data and Technology Professions","London","nan","1.00"
"OD896","Vacant","SCS1","Principal Business Architect 6 - Programme","Principal Business Architect 6 - Programme","HM Revenue and Customs","HM Revenue and Customs","Enterprise Transformation Group","N/A","N/A","OD101","0","1.00","N/A","N/A","","Other","Unknown","Post became vacant on 22/12/2025","1.00"
"OD897","Vacant","SCS1","DD Customer Support & Resolution (CSR)","DD Customer Support & Resolution (CSR)","HM Revenue and Customs","HM Revenue and Customs","Customer Compliance","N/A","N/A","OD101","0","1.00","N/A","N/A","","Other","Unknown","Post became vacant on 01/04/2026","1.00"
"OD905","N/D","SCS1","CDS Migration and onboarding","CDS Migration and onboarding","HM Revenue and Customs","HM Revenue and Customs","Change Delivery Group","0300 200 3300","contactUs@hmrc.gov.uk","OD892","1119198","1.00","N/A","N/A","","Project Delivery Profession","North East","nan","1.00"
"OD906","N/D","SCS1","Deputy Director, Operational Capacity Planning","Deputy Director, Operational Capacity Planning","HM Revenue and Customs","HM Revenue and Customs","Chief Finance Officer Group","0300 200 3300","contactUs@hmrc.gov.uk","OD794","1510083","1.00","N/A","N/A","","Government Finance Profession","London","nan","1.00"
"OD907","N/D","SCS1","Deputy Director Payments Programme","Deputy Director Payments Programme","HM Revenue and Customs","HM Revenue and Customs","Change Delivery Group","0300 200 3300","contactUs@hmrc.gov.uk","OD543","1434096","1.00","N/A","N/A","","Project Delivery Profession","London","nan","1.00"
"OD911","N/D","SCS1","CS&TD Strategic Corporate Change and Collaboration Lead","CS&TD Strategic Corporate Change and Collaboration Lead","HM Revenue and Customs","HM Revenue and Customs","Customer Strategy & Tax Design","0300 200 3300","contactUs@hmrc.gov.uk","OD109","1437051","1.00","N/A","N/A","","Project Delivery Profession","London","nan","1.00"
"OD912","N/D","SCS1","DD Workplace Operations","DD Workplace Operations","HM Revenue and Customs","HM Revenue and Customs","People and Place Group","0300 200 3300","contactUs@hmrc.gov.uk","OD1041","0","1.00","N/A","N/A","","Government Property Profession","Unknown","nan","1.00"
"OD913","N/D","SCS1","DD Workplace Policy & Planning","DD Workplace Policy & Planning","HM Revenue and Customs","HM Revenue and Customs","People and Place Group","0300 200 3300","contactUs@hmrc.gov.uk","OD1041","3370054","1.00","N/A","N/A","","Government Property Profession","Yorkshire and The Humber","nan","1.00"
"OD915","N/D","SCS1","Programme Director HR Transformation","Programme Director HR Transformation","HM Revenue and Customs","HM Revenue and Customs","People and Place Group","0300 200 3300","contactUs@hmrc.gov.uk","OD1136T","647446","0.53","N/A","N/A","","Human Resources Profession","London","nan","1.00"
"OD917","Vacant","SCS1","Portfolio Director - Business Rates Transformation","Portfolio Director - Business Rates Transformation","HM Revenue and Customs","HM Revenue and Customs","Change Delivery Group","N/A","N/A","OD101","0","1.00","N/A","N/A","","Other","Unknown","Post became vacant on 28/03/2025","1.00"
"OD918","Vacant","SCS1","Finance and Business Director","Finance and Business Director","HM Revenue and Customs","HM Revenue and Customs","Change Delivery Group","N/A","N/A","OD101","0","1.00","N/A","N/A","","Other","Unknown","Post became vacant on 10/03/2026","1.00"
"OD919","Rob Jones","SCS2","Intermediaries Director","Intermediaries Director","HM Revenue and Customs","HM Revenue and Customs","Customer Strategy & Tax Design","0300 200 3300","contactUs@hmrc.gov.uk","OD109","466436","1.00","115000","115000","","Policy Profession","London","nan","1.00"
"OD920","Cath Rollo","SCS2","Director SRO of Unity Programme","Director SRO of Unity Programme","HM Revenue and Customs","HM Revenue and Customs","People and Place Group","0300 200 3300","contactUs@hmrc.gov.uk","OD108","0","1.00","115000","115000","","Project Delivery Profession","Scotland","nan","1.00"
"OD923","N/D","SCS1","Head of Intermediaries Directorate Strategic Approach","Head of Intermediaries Directorate Strategic Approach","HM Revenue and Customs","HM Revenue and Customs","Customer Strategy & Tax Design","0300 200 3300","contactUs@hmrc.gov.uk","OD919","1492403","1.00","N/A","N/A","","Government Economic Service","London","nan","1.00"
"OD924","N/D","SCS1","Deputy Director Organisation Transformation","Deputy Director Organisation Transformation","HM Revenue and Customs","HM Revenue and Customs","Chief Digital & Information Officer","0300 200 3300","contactUs@hmrc.gov.uk","OD977","1739400","1.00","N/A","N/A","","Digital, Data and Technology Professions","West Midlands","nan","1.00"
"OD928","Alison Woodhouse","SCS2","Director Knowledge, Analysis & Intelligence - Role 2","Director Knowledge, Analysis & Intelligence - Role 2","HM Revenue and Customs","HM Revenue and Customs","Customer Strategy & Tax Design","0300 200 3300","contactUs@hmrc.gov.uk","OD109","1671132","1.00","110000","110000","","Government Economic Service","London","nan","1.00"
"OD929","Vacant","SCS1","CDIO Borders & Trade Programme Director","CDIO Borders & Trade Programme Director","HM Revenue and Customs","HM Revenue and Customs","Borders & Trade","N/A","N/A","OD101","0","1.00","N/A","N/A","","Other","Unknown","Post became vacant on 31/07/2024","1.00"
"OD930","Vacant","SCS1","Deputy Director Apprenticeships & Talent","Deputy Director Apprenticeships & Talent","HM Revenue and Customs","HM Revenue and Customs","People and Place Group","N/A","N/A","OD101","0","1.00","N/A","N/A","","Other","Unknown","Post became vacant on 01/04/2026","1.00"
"OD931","Richard Hawthorn","SCS2","Director Operational Excellence Support Services","Director Operational Excellence Support Services","HM Revenue and Customs","HM Revenue and Customs","Customer Services","0300 200 3300","contactUs@hmrc.gov.uk","OD103","769000","1.00","115000","115000","","Operational Delivery Profession","West Midlands","nan","1.00"
"OD932","N/D","SCS1","DD Operational Planning, Performance & Eval","DD Operational Planning, Performance & Eval","HM Revenue and Customs","HM Revenue and Customs","Customer Services","0300 200 3300","contactUs@hmrc.gov.uk","OD523","1982752","0.59","N/A","N/A","","Operational Delivery Profession","North West","nan","1.00"
"OD934","N/D","SCS1","Deputy Director - Pillar 1 & 2 (OECD International Data Sharing) Programme Director","Deputy Director - Pillar 1 & 2 (OECD International Data Sharing) Programme Director","HM Revenue and Customs","HM Revenue and Customs","Change Delivery Group","0300 200 3300","contactUs@hmrc.gov.uk","OD767","2314750","1.00","N/A","N/A","","Project Delivery Profession","London","nan","1.00"
"OD935","N/D","SCS1","Head of Service Central Platform Services","Head of Service Central Platform Services","HM Revenue and Customs","HM Revenue and Customs","Chief Digital & Information Officer","0300 200 3300","contactUs@hmrc.gov.uk","OD988","2734561","1.00","N/A","N/A","","Digital, Data and Technology Professions","West Midlands","nan","1.00"
"OD937","Alison Bexfield","SCS2","Director, Risk, Control and Financial Systems","Director, Risk, Control and Financial Systems","HM Revenue and Customs","HM Revenue and Customs","Chief Finance Officer Group","0300 200 3300","contactUs@hmrc.gov.uk","OD105","785573","1.00","150000","150000","","Government Finance Profession","London","nan","1.00"
"OD938","N/D","SCS1","Automatic Exchange of Information Programme Director","Automatic Exchange of Information Programme Director","HM Revenue and Customs","HM Revenue and Customs","Change Delivery Group","0300 200 3300","contactUs@hmrc.gov.uk","OD767","1699284","1.00","N/A","N/A","","Project Delivery Profession","North West","nan","1.00"
"OD939","N/D","SCS1","Deputy Director For Employee Experience and Policy","Deputy Director For Employee Experience and Policy","HM Revenue and Customs","HM Revenue and Customs","People and Place Group","0300 200 3300","contactUs@hmrc.gov.uk","OD252","2400186","1.00","N/A","N/A","","Human Resources Profession","North East","Jobshare","1.00"
"OD939","N/D","SCS1","Deputy Director For Employee Experience and Policy","Deputy Director For Employee Experience and Policy","HM Revenue and Customs","HM Revenue and Customs","People and Place Group","0300 200 3300","contactUs@hmrc.gov.uk","OD252","2400186","1.00","N/A","N/A","","Human Resources Profession","North East","Jobshare","1.00"
"OD940","N/D","SCS1","Deputy Director Employment Framework Services","Deputy Director Employment Framework Services","HM Revenue and Customs","HM Revenue and Customs","People and Place Group","0300 200 3300","contactUs@hmrc.gov.uk","OD252","2672008","1.00","N/A","N/A","","Human Resources Profession","London","nan","1.00"
"OD942T","Janet Alexander","SCS2","Compliance Operations Director","Compliance Operations Director","HM Revenue and Customs","HM Revenue and Customs","Customer Compliance","0300 200 3300","contactUs@hmrc.gov.uk","OD106","13930670","1.00","120000","120000","","Government Tax Profession","North West","nan","1.00"
"OD943","N/D","SCS1","Deputy Director Corporate Centre COD","Deputy Director Corporate Centre COD","HM Revenue and Customs","HM Revenue and Customs","Customer Compliance","0300 200 3300","contactUs@hmrc.gov.uk","OD942T","2879734","1.00","N/A","N/A","","Policy Profession","West Midlands","nan","1.00"
"OD945","N/D","SCS1","Deputy Director CCG Compliance Capability Lead","Deputy Director CCG Compliance Capability Lead","HM Revenue and Customs","HM Revenue and Customs","Customer Compliance","0300 200 3300","contactUs@hmrc.gov.uk","OD942T","3124255","1.00","N/A","N/A","","Operational Delivery Profession","London","nan","1.00"
"OD948","N/D","SCS1","DD Large Business Compliance","DD Large Business Compliance","HM Revenue and Customs","HM Revenue and Customs","Customer Compliance","0300 200 3300","contactUs@hmrc.gov.uk","OD1164","0","0.65","N/A","N/A","","Corporate Finance Profession","North East","nan","1.00"
"OD949","N/D","SCS1","Portfolio Delivery Deputy Director","Portfolio Delivery Deputy Director","HM Revenue and Customs","HM Revenue and Customs","Enterprise Transformation Group","0300 200 3300","contactUs@hmrc.gov.uk","OD507","2060617","1.00","N/A","N/A","","Project Delivery Profession","London","nan","1.00"
"OD950","N/D","SCS1","Deputy Director – Strategic Data Policy","Deputy Director – Strategic Data Policy","HM Revenue and Customs","HM Revenue and Customs","Customer Strategy & Tax Design","0300 200 3300","contactUs@hmrc.gov.uk","OD418","1792681","0.73","N/A","N/A","","Policy Profession","London","Jobshare","1.00"
"OD950","N/D","SCS1","Deputy Director – Strategic Data Policy","Deputy Director – Strategic Data Policy","HM Revenue and Customs","HM Revenue and Customs","Customer Strategy & Tax Design","0300 200 3300","contactUs@hmrc.gov.uk","OD418","1792681","0.73","N/A","N/A","","Policy Profession","London","Jobshare","1.00"
"OD951","N/D","SCS1","Deputy Director – Intermediaries Hub","Deputy Director – Intermediaries Hub","HM Revenue and Customs","HM Revenue and Customs","Customer Strategy & Tax Design","0300 200 3300","contactUs@hmrc.gov.uk","OD919","2230517","1.00","N/A","N/A","","Policy Profession","London","nan","1.00"
"OD953","N/D","SCS1","Chief Domain Architect - SAP Architecture","Chief Domain Architect - SAP Architecture","HM Revenue and Customs","HM Revenue and Customs","Chief Digital & Information Officer","0300 200 3300","contactUs@hmrc.gov.uk","OD509","0","1.00","N/A","N/A","","Digital, Data and Technology Professions","London","nan","1.00"
"OD954","N/D","SCS1","Chief Domain Architect - Infrastructure Architecture","Chief Domain Architect - Infrastructure Architecture","HM Revenue and Customs","HM Revenue and Customs","Chief Digital & Information Officer","0300 200 3300","contactUs@hmrc.gov.uk","OD509","0","1.00","N/A","N/A","","Digital, Data and Technology Professions","Wales","nan","1.00"
"OD955","N/D","SCS1","Chief Architect for Corporate Services","Chief Architect for Corporate Services","HM Revenue and Customs","HM Revenue and Customs","Chief Digital & Information Officer","0300 200 3300","contactUs@hmrc.gov.uk","OD509","0","1.00","N/A","N/A","","Digital, Data and Technology Professions","West Midlands","nan","1.00"
"OD956","N/D","SCS1","Chief Domain Architect - Citizen Engagement","Chief Domain Architect - Citizen Engagement","HM Revenue and Customs","HM Revenue and Customs","Chief Digital & Information Officer","0300 200 3300","contactUs@hmrc.gov.uk","OD509","254827","1.00","N/A","N/A","","Digital, Data and Technology Professions","North East","Reporting To Costs Escalated to OD509","1.00"
"OD957","N/D","SCS1","Chief Domain Architect - Taxation & Benefit Processing - MTD","Chief Domain Architect - Taxation & Benefit Processing - MTD","HM Revenue and Customs","HM Revenue and Customs","Chief Digital & Information Officer","0300 200 3300","contactUs@hmrc.gov.uk","OD509","0","1.00","N/A","N/A","","Digital, Data and Technology Professions","West Midlands","nan","1.00"
"OD958","N/D","SCS1","Chief Domain Architect - CDS","Chief Domain Architect - CDS","HM Revenue and Customs","HM Revenue and Customs","Chief Digital & Information Officer","0300 200 3300","contactUs@hmrc.gov.uk","OD692","0","1.00","N/A","N/A","","Other","London","nan","1.00"
"OD959","N/D","SCS1","Chief Domain Architect - Data Architecture","Chief Domain Architect - Data Architecture","HM Revenue and Customs","HM Revenue and Customs","Chief Digital & Information Officer","0300 200 3300","contactUs@hmrc.gov.uk","OD509","0","1.00","N/A","N/A","","Other","South West","nan","1.00"
"OD960","N/D","SCS1","Chief Domain Architect - Application & Integration Architecture","Chief Domain Architect - Application & Integration Architecture","HM Revenue and Customs","HM Revenue and Customs","Chief Digital & Information Officer","0300 200 3300","contactUs@hmrc.gov.uk","OD509","0","1.00","N/A","N/A","","Other","West Midlands","nan","1.00"
"OD961","N/D","SCS1","Chief Architect - Risk & Intelligence","Chief Architect - Risk & Intelligence","HM Revenue and Customs","HM Revenue and Customs","Chief Digital & Information Officer","0300 200 3300","contactUs@hmrc.gov.uk","OD509","0","1.00","N/A","N/A","","Government Operational Research Service","Yorkshire and The Humber","nan","1.00"
"OD962","N/D","SCS1","Chief Domain Architect for VOA & Intermediaries","Chief Domain Architect for VOA & Intermediaries","HM Revenue and Customs","HM Revenue and Customs","Chief Digital & Information Officer","0300 200 3300","contactUs@hmrc.gov.uk","OD509","0","1.00","N/A","N/A","","Digital, Data and Technology Professions","South East","nan","1.00"
"OD963","N/D","SCS1","Chief Architect - Counter Fraud","Chief Architect - Counter Fraud","HM Revenue and Customs","HM Revenue and Customs","Chief Digital & Information Officer","0300 200 3300","contactUs@hmrc.gov.uk","OD509","4277472","1.00","N/A","N/A","","Digital, Data and Technology Professions","Yorkshire and The Humber","nan","1.00"
"OD964","N/D","SCS1","Chief Domain Architect - Corporate Services","Chief Domain Architect - Corporate Services","HM Revenue and Customs","HM Revenue and Customs","Chief Digital & Information Officer","0300 200 3300","contactUs@hmrc.gov.uk","OD509","0","1.00","N/A","N/A","","Digital, Data and Technology Professions","Yorkshire and The Humber","nan","1.00"
"OD965","N/D","SCS1","DD Insolvency Governance & Professionalism","DD Insolvency Governance & Professionalism","HM Revenue and Customs","HM Revenue and Customs","Legal","0300 200 3300","contactUs@hmrc.gov.uk","OD605","696990","1.00","N/A","N/A","","Corporate Finance Profession","North West","nan","1.00"
"OD966","N/D","SCS1","CDG Group Finance & People Director","CDG Group Finance & People Director","HM Revenue and Customs","HM Revenue and Customs","Chief Finance Officer Group","0300 200 3300","contactUs@hmrc.gov.uk","OD319","3582762","1.00","N/A","N/A","","Government Finance Profession","North East","nan","1.00"
"OD967","Vacant","SCS1","Deputy Director Income Tax","Deputy Director Income Tax","HM Revenue and Customs","HM Revenue and Customs","Customer Strategy & Tax Design","N/A","N/A","OD101","0","1.00","N/A","N/A","","Other","Unknown","Post became vacant on 22/12/2025","1.00"
"OD968","Vacant","SCS1","Programme Director Rapid Delivery Team","Programme Director Rapid Delivery Team","HM Revenue and Customs","HM Revenue and Customs","Change Delivery Group","N/A","N/A","OD101","0","1.00","N/A","N/A","","Other","Unknown","Post became vacant on 05/09/2024","1.00"
"OD972","N/D","SCS1","Deputy Director of Strategic Reporting","Deputy Director of Strategic Reporting","HM Revenue and Customs","HM Revenue and Customs","Chief Finance Officer Group","0300 200 3300","contactUs@hmrc.gov.uk","OD794","863818","1.00","N/A","N/A","","Government Finance Profession","London","nan","1.00"
"OD973","N/D","SCS1","Deputy Director, Strategic Customer Management (SCM) and External Readiness Assessment (ERA)","Deputy Director, Strategic Customer Management (SCM) and External Readiness Assessment (ERA)","HM Revenue and Customs","HM Revenue and Customs","Borders & Trade","0300 200 3300","contactUs@hmrc.gov.uk","OD618","1815600","1.00","N/A","N/A","","Other","London","Jobshare","1.00"
"OD973","N/D","SCS1","Deputy Director, Strategic Customer Management (SCM) and External Readiness Assessment (ERA)","Deputy Director, Strategic Customer Management (SCM) and External Readiness Assessment (ERA)","HM Revenue and Customs","HM Revenue and Customs","Borders & Trade","0300 200 3300","contactUs@hmrc.gov.uk","OD618","1815600","1.00","N/A","N/A","","Other","London","Jobshare","1.00"
"OD974","Vacant","SCS1","DD Landing Change and Benefits Realisation","DD Landing Change and Benefits Realisation","HM Revenue and Customs","HM Revenue and Customs","Change Delivery Group","N/A","N/A","OD101","0","1.00","N/A","N/A","","Other","Unknown","Post became vacant on 05/09/2024","1.00"
"OD975","Vacant","SCS1","Deputy Director Partnerships, Data and Insight","Deputy Director Partnerships, Data and Insight","HM Revenue and Customs","HM Revenue and Customs","Legal","N/A","N/A","OD101","0","1.00","N/A","N/A","","Other","Unknown","Post became vacant on 17/07/2025","1.00"
"OD977","David Swainston","SCS2","Finance Director CDIO","Finance Director CDIO","HM Revenue and Customs","HM Revenue and Customs","Chief Digital & Information Officer","0300 200 3300","contactUs@hmrc.gov.uk","OD107","3177366","1.00","135000","135000","","Government Finance Profession","North East","nan","1.00"
"OD978","N/D","SCS1","Portfolio, Investment Planning, and Reporting","Portfolio, Investment Planning, and Reporting","HM Revenue and Customs","HM Revenue and Customs","Chief Finance Officer Group","0300 200 3300","contactUs@hmrc.gov.uk","OD319","119399","0.61","N/A","N/A","","Government Finance Profession","South East","Reporting To Costs Escalated to OD319","1.00"
"OD979","Vacant","SCS1","AST Service Owner","AST Service Owner","HM Revenue and Customs","HM Revenue and Customs","Customer Services","N/A","N/A","OD101","0","1.00","N/A","N/A","","Other","Unknown","Post became vacant on 21/01/2026","1.00"
"OD980","N/D","SCS1","Senior Business Sponsor Making Tax Digital - Income Tax Self-Assessment (ITSA) and Single Customer Account (SCA)","Senior Business Sponsor Making Tax Digital - Income Tax Self-Assessment (ITSA) and Single Customer Account (SCA)","HM Revenue and Customs","HM Revenue and Customs","Customer Services","0300 200 3300","contactUs@hmrc.gov.uk","OD523","1252501","1.00","N/A","N/A","","Operational Delivery Profession","London","nan","1.00"
"OD982","Vacant","SCS1","Senior Business Sponsor Unique Customer Record (UCR)","Senior Business Sponsor Unique Customer Record (UCR)","HM Revenue and Customs","HM Revenue and Customs","Customer Services","N/A","N/A","OD101","0","1.00","N/A","N/A","","Other","Unknown","Post became vacant on 31/07/2025","1.00"
"OD983","N/D","SCS1","DD Senior Business Sponsor ETMP","DD Senior Business Sponsor ETMP","HM Revenue and Customs","HM Revenue and Customs","Customer Services","0300 200 3300","contactUs@hmrc.gov.uk","OD931","0","1.00","N/A","N/A","","Operational Delivery Profession","East Midlands","nan","1.00"
"OD987","Sarah McMann","SCS2","Chief Digital Product Owner","Chief Digital Product Owner","HM Revenue and Customs","HM Revenue and Customs","Chief Digital & Information Officer","0300 200 3300","contactUs@hmrc.gov.uk","OD107","1458468","1.00","160000","160000","","Other","North East","nan","1.00"
"OD988","David Andrews","SCS2","Chief Platform Owner","Chief Platform Owner","HM Revenue and Customs","HM Revenue and Customs","Chief Digital & Information Officer","0300 200 3300","contactUs@hmrc.gov.uk","OD107","1229557","1.00","125000","125000","","Digital, Data and Technology Professions","South West","nan","1.00"
"OD989","Suzanne Newton","SCS3","Director General Change Delivery","Director General Change Delivery","HM Revenue and Customs","HM Revenue and Customs","Change Delivery Group","0300 200 3300","contactUs@hmrc.gov.uk","OD102","1132307","1.00","150000","150000","","Project Delivery Profession","London","nan","1.00"
"OD990T","Nicola Pattimore","SCS2","Director Workforce Stratey, Organisational Effectiveness & Partnering","Director Workforce Stratey, Organisational Effectiveness & Partnering","HM Revenue and Customs","HM Revenue and Customs","People and Place Group","0300 200 3300","contactUs@hmrc.gov.uk","OD108","569802","1.00","145000","145000","","Human Resources Profession","South East","nan","1.00"
"OD996","N/D","SCS1","Deputy Director Financial Planning, Reporting & Control","Deputy Director Financial Planning, Reporting & Control","HM Revenue and Customs","HM Revenue and Customs","Chief Digital & Information Officer","0300 200 3300","contactUs@hmrc.gov.uk","OD977","758274","1.00","N/A","N/A","","Government Finance Profession","London","nan","1.00"
"OD998","N/D","SCS1","CSG MTD Senior Business Sponsor","CSG MTD Senior Business Sponsor","HM Revenue and Customs","HM Revenue and Customs","Customer Services","0300 200 3300","contactUs@hmrc.gov.uk","OD644","216966","1.00","N/A","N/A","","Project Delivery Profession","North West","Reporting To Costs Escalated to OD644","1.00"
"OD1000","N/D","SCS1","Head of Customer and Colleague Identity and Verification","Head of Customer and Colleague Identity and Verification","HM Revenue and Customs","HM Revenue and Customs","Chief Digital & Information Officer","0300 200 3300","contactUs@hmrc.gov.uk","OD420","3292412","1.00","N/A","N/A","","Internal Audit Profession","London","nan","1.00"
"OD1003","Simon Smith","SCS2","Director of Unity Tech Services","Director of Unity Tech Services","HM Revenue and Customs","HM Revenue and Customs","Chief Digital & Information Officer","0300 200 3300","contactUs@hmrc.gov.uk","OD107","1102358","1.00","140000","140000","","Digital, Data and Technology Professions","London","nan","1.00"
"OD1004","N/D","SCS1","Deputy Director Reliefs Review","Deputy Director Reliefs Review","HM Revenue and Customs","HM Revenue and Customs","Customer Compliance","0300 200 3300","contactUs@hmrc.gov.uk","OD595","19502680","1.00","N/A","N/A","","Government Tax Profession","London","nan","1.00"
"OD1005","Vacant","SCS1","Tax, Benefits & Enterprise Ops Platform Owner","Tax, Benefits & Enterprise Ops Platform Owner","HM Revenue and Customs","HM Revenue and Customs","Chief Digital & Information Officer","N/A","N/A","OD101","0","1.00","N/A","N/A","","Other","Unknown","Post became vacant on 11/07/2025","1.00"
"OD1006","N/D","SCS1","Deputy Director Tax Risk Control Framework Error and Evasion (TRCF E&E)","Deputy Director Tax Risk Control Framework Error and Evasion (TRCF E&E)","HM Revenue and Customs","HM Revenue and Customs","Customer Compliance","0300 200 3300","contactUs@hmrc.gov.uk","OD1143","1256022","1.00","N/A","N/A","","Government Tax Profession","London","nan","1.00"
"OD1008","N/D","SCS1","DD Operational Planning, Performance and Evaluation","DD Operational Planning, Performance and Evaluation","HM Revenue and Customs","HM Revenue and Customs","Customer Compliance","0300 200 3300","contactUs@hmrc.gov.uk","OD942T","1918937","1.00","N/A","N/A","","Operational Delivery Profession","Wales","nan","1.00"
"OD1009T","N/D","SCS1","Deputy Director HMRC Performance","Deputy Director HMRC Performance","HM Revenue and Customs","HM Revenue and Customs","Chief Finance Officer Group","0300 200 3300","contactUs@hmrc.gov.uk","OD794","1138907","1.00","N/A","N/A","","Government Finance Profession","South West","nan","1.00"
"OD1016","N/D","SCS1","DD Employee Relations and Reward","DD Employee Relations and Reward","HM Revenue and Customs","HM Revenue and Customs","People and Place Group","0300 200 3300","contactUs@hmrc.gov.uk","OD252","1302913","1.00","N/A","N/A","","Human Resources Profession","Yorkshire and The Humber","nan","1.00"
"OD1017","SHERYL DEMBRY","SCS2","Director Unity Business Services (DfT & HMRC)","Director Unity Business Services (DfT & HMRC)","HM Revenue and Customs","HM Revenue and Customs","People and Place Group","0300 200 3300","contactUs@hmrc.gov.uk","OD108","605655","1.00","100000","100000","","Human Resources Profession","North West","nan","1.00"
"OD1019","Vacant","SCS1","Deputy Director Service Design, Performance & Technology","Deputy Director Service Design, Performance & Technology","HM Revenue and Customs","HM Revenue and Customs","People and Place Group","N/A","N/A","OD101","0","1.00","N/A","N/A","","Other","Unknown","Post became vacant on 07/10/2025","1.00"
"OD1020","Vacant","SCS1","DD B6 Customs and Excise Advisory Team","DD B6 Customs and Excise Advisory Team","HM Revenue and Customs","HM Revenue and Customs","Legal","N/A","N/A","OD101","0","1.00","N/A","N/A","","Other","Unknown","Post became vacant on 11/12/2024","1.00"
"OD1021","N/D","SCS1","Deputy Director Framework & Tooling","Deputy Director Framework & Tooling","HM Revenue and Customs","HM Revenue and Customs","Enterprise Transformation Group","0300 200 3300","contactUs@hmrc.gov.uk","OD507","2185707","0.86","N/A","N/A","","Project Delivery Profession","West Midlands","nan","1.00"
"OD1022","N/D","SCS1","Deputy Director CSG Briefing Team","Deputy Director CSG Briefing Team","HM Revenue and Customs","HM Revenue and Customs","Customer Services","0300 200 3300","contactUs@hmrc.gov.uk","OD103","498673","1.00","N/A","N/A","","Operational Delivery Profession","London","nan","1.00"
"OD1024T","Vacant","SCS1","Service Ownership Delivery Director","Service Ownership Delivery Director","HM Revenue and Customs","HM Revenue and Customs","Enterprise Transformation Group","N/A","N/A","OD101","0","1.00","N/A","N/A","","Other","Unknown","Post became vacant on 22/12/2025","1.00"
"OD1025","N/D","SCS1","DD Threat Management","DD Threat Management","HM Revenue and Customs","HM Revenue and Customs","Customer Compliance","0300 200 3300","contactUs@hmrc.gov.uk","OD276","5900403","1.00","N/A","N/A","","Operational Delivery Profession","Wales","nan","1.00"
"OD1026","N/D","SCS1","Director of Engineering","Director of Engineering","HM Revenue and Customs","HM Revenue and Customs","Chief Digital & Information Officer","0300 200 3300","contactUs@hmrc.gov.uk","OD515","5746112","1.00","N/A","N/A","","Digital, Data and Technology Professions","Wales","nan","1.00"
"OD1028","N/D","SCS1","Deputy Director Investment Zones","Deputy Director Investment Zones","HM Revenue and Customs","HM Revenue and Customs","Customer Strategy & Tax Design","0300 200 3300","contactUs@hmrc.gov.uk","OD418","297067","0.60","N/A","N/A","","Operational Delivery Profession","London","nan","1.00"
"OD1029","N/D","SCS1","Principle Head of Service Management Delivery","Principle Head of Service Management Delivery","HM Revenue and Customs","HM Revenue and Customs","Chief Digital & Information Officer","0300 200 3300","contactUs@hmrc.gov.uk","OD988","3509584","1.00","N/A","N/A","","Digital, Data and Technology Professions","West Midlands","nan","1.00"
"OD1030","N/D","SCS1","Principle Head of Service Lifecycle Management","Principle Head of Service Lifecycle Management","HM Revenue and Customs","HM Revenue and Customs","Chief Digital & Information Officer","0300 200 3300","contactUs@hmrc.gov.uk","OD988","3749853","1.00","N/A","N/A","","Digital, Data and Technology Professions","West Midlands","nan","1.00"
"OD1031","N/D","SCS1","Deputy Director Enterprise Live Services","Deputy Director Enterprise Live Services","HM Revenue and Customs","HM Revenue and Customs","Chief Digital & Information Officer","0300 200 3300","contactUs@hmrc.gov.uk","OD988","0","1.00","N/A","N/A","","Other","London","nan","1.00"
"OD1032","N/D","SCS1","Distinguished Engineer - Contact Engagement Platform","Distinguished Engineer - Contact Engagement Platform","HM Revenue and Customs","HM Revenue and Customs","Chief Digital & Information Officer","0300 200 3300","contactUs@hmrc.gov.uk","OD814","1720907","1.00","N/A","N/A","","Digital, Data and Technology Professions","North East","nan","1.00"
"OD1034","N/D","SCS1","Pensions Project Lead","Pensions Project Lead","HM Revenue and Customs","HM Revenue and Customs","Change Delivery Group","0300 200 3300","contactUs@hmrc.gov.uk","OD543","0","0.43","N/A","N/A","","Project Delivery Profession","London","nan","1.00"
"OD1035","N/D","SCS1","Head of Enterprise Architecture -CDIO Strategic Direction","Head of Enterprise Architecture -CDIO Strategic Direction","HM Revenue and Customs","HM Revenue and Customs","Chief Digital & Information Officer","0300 200 3300","contactUs@hmrc.gov.uk","OD509","0","1.00","N/A","N/A","","Digital, Data and Technology Professions","West Midlands","nan","1.00"
"OD1036","Vacant","SCS1","Deputy Director for Expert Advice Service & Migrations and Exits","Deputy Director for Expert Advice Service & Migrations and Exits","HM Revenue and Customs","HM Revenue and Customs","People and Place Group","N/A","N/A","OD101","0","1.00","N/A","N/A","","Other","Unknown","Post became vacant on 07/10/2025","1.00"
"OD1039","N/D","SCS1","Programme Delivery Manager","Programme Delivery Manager","HM Revenue and Customs","HM Revenue and Customs","Change Delivery Group","0300 200 3300","contactUs@hmrc.gov.uk","OD892","2247991","1.00","N/A","N/A","","Project Delivery Profession","Yorkshire and The Humber","nan","1.00"
"OD1040","N/D","SCS1","Programme Director Pensions","Programme Director Pensions","HM Revenue and Customs","HM Revenue and Customs","Change Delivery Group","0300 200 3300","contactUs@hmrc.gov.uk","OD767","2826018","0.92","N/A","N/A","","Project Delivery Profession","London","Jobshare","1.00"
"OD1040","N/D","SCS1","Programme Director Pensions","Programme Director Pensions","HM Revenue and Customs","HM Revenue and Customs","Change Delivery Group","0300 200 3300","contactUs@hmrc.gov.uk","OD767","2826018","0.69","N/A","N/A","","Project Delivery Profession","London","Jobshare","1.00"
"OD1041","Louis Roberts","SCS2","Director Estates and Locations Programme","Director Estates and Locations Programme","HM Revenue and Customs","HM Revenue and Customs","People and Place Group","0300 200 3300","contactUs@hmrc.gov.uk","OD108","8067152","1.00","140000","140000","","Government Finance Profession","West Midlands","nan","1.00"
"OD1042","Eliminated","SCS1","Director of UBS Business, Risk, Performance & Planning","Director of UBS Business, Risk, Performance & Planning","HM Revenue and Customs","HM Revenue and Customs","People and Place Group","N/A","N/A","OD101","0","1.00","N/A","N/A","","Other","Unknown","Post eliminated from 26/03/2026","1.00"
"OD1043","N/D","SCS1","Deputy Director UBS HR Operations","Deputy Director UBS HR Operations","HM Revenue and Customs","HM Revenue and Customs","People and Place Group","0300 200 3300","contactUs@hmrc.gov.uk","OD1017","17242609","1.00","N/A","N/A","","Other","Wales","nan","1.00"
"OD1045","N/D","SCS1","VAT Reliefs, Financial Services, and Insurance Premium Tax","VAT Reliefs, Financial Services, and Insurance Premium Tax","HM Revenue and Customs","HM Revenue and Customs","Customer Strategy & Tax Design","0300 200 3300","contactUs@hmrc.gov.uk","OD722","1987762","1.00","N/A","N/A","","Government Tax Profession","London","nan","1.00"
"OD1046","Vacant","SCS1","PMO Director","PMO Director","HM Revenue and Customs","HM Revenue and Customs","Change Delivery Group","N/A","N/A","OD101","0","1.00","N/A","N/A","","Other","Unknown","Post became vacant on 05/11/2024","1.00"
"OD1048","N/D","SCS1","Programme Deputy Director - One Login","Programme Deputy Director - One Login","HM Revenue and Customs","HM Revenue and Customs","Change Delivery Group","0300 200 3300","contactUs@hmrc.gov.uk","OD543","2629067","1.00","N/A","N/A","","Project Delivery Profession","London","nan","1.00"
"OD1049","N/D","SCS1","Out on loan to VOA","Out on loan to VOA","HM Revenue and Customs","HM Revenue and Customs","Chief Finance Officer Group","0300 200 3300","contactUs@hmrc.gov.uk","OD937","1110495","1.00","N/A","N/A","","Government Finance Profession","Yorkshire and The Humber","nan","1.00"
"OD1050","N/D","SCS1","Deputy Director Head of Function - International Tax Compliance Co-Ordination","Deputy Director Head of Function - International Tax Compliance Co-Ordination","HM Revenue and Customs","HM Revenue and Customs","Customer Compliance","0300 200 3300","contactUs@hmrc.gov.uk","OD185","4500491","1.00","N/A","N/A","","Government Tax Profession","South West","nan","1.00"
"OD1051","Vacant","SCS1","Service Owner","Service Owner","HM Revenue and Customs","HM Revenue and Customs","Change Delivery Group","N/A","N/A","OD101","0","1.00","N/A","N/A","","Other","Unknown","Post became vacant on 05/11/2024","1.00"
"OD1052","N/D","SCS1","DD Professionalism & Customer Trust (PaCT)","DD Professionalism & Customer Trust (PaCT)","HM Revenue and Customs","HM Revenue and Customs","Customer Compliance","0300 200 3300","contactUs@hmrc.gov.uk","OD942T","2250934","1.00","N/A","N/A","","Government Tax Profession","West Midlands","nan","1.00"
"OD1053","N/D","SCS1","Compliance Design and Response Deputy Director","Compliance Design and Response Deputy Director","HM Revenue and Customs","HM Revenue and Customs","Customer Compliance","0300 200 3300","contactUs@hmrc.gov.uk","OD942T","585031","1.00","N/A","N/A","","Government Tax Profession","West Midlands","nan","1.00"
"OD1057","Vacant","SCS1","Head of IT Change Delivery","Head of IT Change Delivery","HM Revenue and Customs","HM Revenue and Customs","Chief Digital & Information Officer","N/A","N/A","OD101","0","1.00","N/A","N/A","","Other","Unknown","Post became vacant on 01/04/2026","1.00"
"OD1058","N/D","SCS1","Service owner: Finance and Corporate Services","Service owner: Finance and Corporate Services","HM Revenue and Customs","HM Revenue and Customs","Chief Digital & Information Officer","0300 200 3300","contactUs@hmrc.gov.uk","OD987","913461","1.00","N/A","N/A","","Digital, Data and Technology Professions","West Midlands","nan","1.00"
"OD1061","Vacant","SCS1","Programme Director: CESA Futures","Programme Director: CESA Futures","HM Revenue and Customs","HM Revenue and Customs","Change Delivery Group","N/A","N/A","OD101","0","1.00","N/A","N/A","","Other","Unknown","Post became vacant on 16/02/2026","1.00"
"OD1062","N/D","SCS1","Programme Director: Data Warehouse & Integration","Programme Director: Data Warehouse & Integration","HM Revenue and Customs","HM Revenue and Customs","Change Delivery Group","0300 200 3300","contactUs@hmrc.gov.uk","OD892","1353658","1.00","N/A","N/A","","Project Delivery Profession","London","nan","1.00"
"OD1063","N/D","SCS1","Deputy Director, Risk and Control","Deputy Director, Risk and Control","HM Revenue and Customs","HM Revenue and Customs","Chief Finance Officer Group","0300 200 3300","contactUs@hmrc.gov.uk","OD937","1440522","1.00","N/A","N/A","","Government Finance Profession","North West","Jobshare","1.00"
"OD1063","N/D","SCS1","Deputy Director, Risk and Control","Deputy Director, Risk and Control","HM Revenue and Customs","HM Revenue and Customs","Chief Finance Officer Group","0300 200 3300","contactUs@hmrc.gov.uk","OD937","1440522","1.00","N/A","N/A","","Government Finance Profession","North West","Jobshare","1.00"
"OD1064","Vacant","SCS1","Deputy Litigation Director","Deputy Litigation Director","HM Revenue and Customs","HM Revenue and Customs","Legal","N/A","N/A","OD101","0","1.00","N/A","N/A","","Other","Unknown","Post became vacant on 11/12/2024","1.00"
"OD1065","N/D","SCS1","Deputy Director Compliance Policy and Design Standards","Deputy Director Compliance Policy and Design Standards","HM Revenue and Customs","HM Revenue and Customs","Customer Compliance","0300 200 3300","contactUs@hmrc.gov.uk","OD721","1122793","1.00","N/A","N/A","","Policy Profession","North West","nan","1.00"
"OD1066T","N/D","SCS1","On loan out to HO","On loan out to HO","HM Revenue and Customs","HM Revenue and Customs","Borders & Trade","0300 200 3300","contactUs@hmrc.gov.uk","OD769","0","1.00","N/A","N/A","","Government Property Profession","East Midlands","nan","1.00"
"OD1067","N/D","SCS1","Deputy Director Organisational Design and Workforce Transformation","Deputy Director Organisational Design and Workforce Transformation","HM Revenue and Customs","HM Revenue and Customs","People and Place Group","0300 200 3300","contactUs@hmrc.gov.uk","OD108","1319005","1.00","N/A","N/A","","Human Resources Profession","North West","nan","1.00"
"OD1068","N/D","SCS1","Deputy Director Unity Process Transformation","Deputy Director Unity Process Transformation","HM Revenue and Customs","HM Revenue and Customs","People and Place Group","0300 200 3300","contactUs@hmrc.gov.uk","OD108","1243183","1.00","N/A","N/A","","Other","Scotland","nan","1.00"
"OD1070","N/D","SCS1","Deputy Director CCG Workforce PLanning & Growth","Deputy Director CCG Workforce PLanning & Growth","HM Revenue and Customs","HM Revenue and Customs","Customer Compliance","0300 200 3300","contactUs@hmrc.gov.uk","OD942T","2414057","1.00","N/A","N/A","","Operational Delivery Profession","North East","nan","1.00"
"OD1071T","N/D","SCS1","Deputy Director Digital Fraud Remediation","Deputy Director Digital Fraud Remediation","HM Revenue and Customs","HM Revenue and Customs","Customer Services","0300 200 3300","contactUs@hmrc.gov.uk","OD931","2154963","1.00","N/A","N/A","","Operational Delivery Profession","North East","nan","1.00"
"OD1072","N/D","SCS1","Distinguished Engineer – Platform Engineering and Integration","Distinguished Engineer – Platform Engineering and Integration","HM Revenue and Customs","HM Revenue and Customs","Chief Digital & Information Officer","0300 200 3300","contactUs@hmrc.gov.uk","OD988","0","1.00","N/A","N/A","","Other","South West","nan","1.00"
"OD1073T","N/D","SCS1","Deputy Director Channel Shift","Deputy Director Channel Shift","HM Revenue and Customs","HM Revenue and Customs","Customer Services","0300 200 3300","contactUs@hmrc.gov.uk","OD644","2207104","1.00","N/A","N/A","","Digital, Data and Technology Professions","Yorkshire and The Humber","nan","1.00"
"OD1074","Vacant","SCS1","TOM Programme Director","TOM Programme Director","HM Revenue and Customs","HM Revenue and Customs","Customer Compliance","N/A","N/A","OD101","0","1.00","N/A","N/A","","Other","Unknown","Post became vacant on 22/12/2025","1.00"
"OD1075T","Vacant","SCS1","Deputy Director, Compliance Strategy","Deputy Director, Compliance Strategy","HM Revenue and Customs","HM Revenue and Customs","Customer Compliance","N/A","N/A","OD101","0","1.00","N/A","N/A","","Other","Unknown","Post became vacant on 22/12/2025","1.00"
"OD1077","Vacant","SCS1","Deputy Director of Litigation Policy","Deputy Director of Litigation Policy","HM Revenue and Customs","HM Revenue and Customs","Legal","N/A","N/A","OD101","0","1.00","N/A","N/A","","Other","Unknown","Post became vacant on 12/12/2024","1.00"
"OD1078","N/D","SCS1","Programme Director, Inheritance Tax (IHT) Digitisation","Programme Director, Inheritance Tax (IHT) Digitisation","HM Revenue and Customs","HM Revenue and Customs","Change Delivery Group","0300 200 3300","contactUs@hmrc.gov.uk","OD543","1155350","0.54","N/A","N/A","","Project Delivery Profession","North West","nan","1.00"
"OD1079","N/D","SCS1","Programme Director, Contact Centre as a Service (CCaaS)","Programme Director, Contact Centre as a Service (CCaaS)","HM Revenue and Customs","HM Revenue and Customs","Change Delivery Group","0300 200 3300","contactUs@hmrc.gov.uk","OD1106","1335171","1.00","N/A","N/A","","Project Delivery Profession","North East","nan","1.00"
"OD1080","N/D","SCS1","Principal Business Architect","Principal Business Architect","HM Revenue and Customs","HM Revenue and Customs","Enterprise Transformation Group","0300 200 3300","contactUs@hmrc.gov.uk","OD705","0","1.00","N/A","N/A","","Digital, Data and Technology Professions","North West","nan","1.00"
"OD1081","Vacant","SCS1","Deputy Director Change Delivery","Deputy Director Change Delivery","HM Revenue and Customs","HM Revenue and Customs","Borders & Trade","N/A","N/A","OD101","0","1.00","N/A","N/A","","Other","Unknown","Post became vacant on 20/12/2024","1.00"
"OD1082","N/D","SCS1","Not in approved role - temporarily covering Covid 19 C3 Command control Centre","Not in approved role - temporarily covering Covid 19 C3 Command control Centre","HM Revenue and Customs","HM Revenue and Customs","Borders & Trade","0300 200 3300","contactUs@hmrc.gov.uk","OD769","4100890","0.89","N/A","N/A","","Operational Delivery Profession","London","nan","1.00"
"OD1084T","Eliminated","SCS1","Director of Digital Design","Director of Digital Design","HM Revenue and Customs","HM Revenue and Customs","Enterprise Transformation Group","N/A","N/A","OD101","0","1.00","N/A","N/A","","Other","Unknown","Post eliminated from 27/03/2026","1.00"
"OD1085","N/D","SCS1","DD Borders Business Platform Owner","DD Borders Business Platform Owner","HM Revenue and Customs","HM Revenue and Customs","Borders & Trade","0300 200 3300","contactUs@hmrc.gov.uk","OD769","484660","1.00","N/A","N/A","","Project Delivery Profession","London","nan","1.00"
"OD1086","N/D","SCS1","DD Data Strategy & Provision","DD Data Strategy & Provision","HM Revenue and Customs","HM Revenue and Customs","Borders & Trade","0300 200 3300","contactUs@hmrc.gov.uk","OD769","6189229","1.00","N/A","N/A","","Other","London","nan","1.00"
"OD1087T","N/D","SCS1","Deputy Director, Innovation Delivery","Deputy Director, Innovation Delivery","HM Revenue and Customs","HM Revenue and Customs","Enterprise Transformation Group","0300 200 3300","contactUs@hmrc.gov.uk","OD835","987504","1.00","N/A","N/A","","Operational Delivery Profession","North West","nan","1.00"
"OD1088","N/D","SCS1","Strategic Debt Design & Delivery Deputy Director","Strategic Debt Design & Delivery Deputy Director","HM Revenue and Customs","HM Revenue and Customs","Customer Services","0300 200 3300","contactUs@hmrc.gov.uk","OD277","9581521","1.00","N/A","N/A","","Operational Delivery Profession","West Midlands","nan","1.00"
"OD1089","N/D","SCS1","DD CFO Finance Director & Head of Finance Controls","DD CFO Finance Director & Head of Finance Controls","HM Revenue and Customs","HM Revenue and Customs","Chief Finance Officer Group","0300 200 3300","contactUs@hmrc.gov.uk","OD937","1768637","1.00","N/A","N/A","","Government Finance Profession","North West","nan","1.00"
"OD1090","N/D","SCS1","COTAX to ETMP Programme Director","COTAX to ETMP Programme Director","HM Revenue and Customs","HM Revenue and Customs","Change Delivery Group","0300 200 3300","contactUs@hmrc.gov.uk","OD892","1049126","1.00","N/A","N/A","","Project Delivery Profession","North East","nan","1.00"
"OD1091","N/D","SCS1","DD Internal Audit - Role 2","DD Internal Audit - Role 2","HM Revenue and Customs","HM Revenue and Customs","Chief Finance Officer Group","0300 200 3300","contactUs@hmrc.gov.uk","OD256","1733562","1.00","N/A","N/A","","Internal Audit Profession","North West","nan","1.00"
"OD1092","Mike Howe","SCS2","Head of Tax, Customs & Compliance Academy (TCCA)","Head of Tax, Customs & Compliance Academy (TCCA)","HM Revenue and Customs","HM Revenue and Customs","Customer Compliance","0300 200 3300","contactUs@hmrc.gov.uk","OD106","1354400","1.00","110000","110000","","Operational Delivery Profession","North West","nan","1.00"
"OD1093T","N/D","SCS1","Debt Management Task Force Deputy Director","Debt Management Task Force Deputy Director","HM Revenue and Customs","HM Revenue and Customs","Customer Services","0300 200 3300","contactUs@hmrc.gov.uk","OD277","3880792","1.00","N/A","N/A","","Operational Delivery Profession","Scotland","nan","1.00"
"OD1094","N/D","SCS1","Deputy Director, KAI Borders and Trade Analysis","Deputy Director, KAI Borders and Trade Analysis","HM Revenue and Customs","HM Revenue and Customs","Customer Strategy & Tax Design","0300 200 3300","contactUs@hmrc.gov.uk","OD928","2431575","1.00","N/A","N/A","","Government Statistical Service Profession","London","nan","1.00"
"OD1095","N/D","SCS1","Deputy Director Tax Administration","Deputy Director Tax Administration","HM Revenue and Customs","HM Revenue and Customs","Customer Strategy & Tax Design","0300 200 3300","contactUs@hmrc.gov.uk","OD606","1911171","0.81","N/A","N/A","","Policy Profession","London","nan","1.00"
"OD1096","Vacant","SCS1","DD Small Business Evasion and Enforcement.","DD Small Business Evasion and Enforcement.","HM Revenue and Customs","HM Revenue and Customs","Customer Compliance","N/A","N/A","OD101","0","1.00","N/A","N/A","","Other","Unknown","Post became vacant on 26/03/2026","1.00"
"OD1097T","N/D","SCS1","Deputy Director Wealthy Accelerated Response","Deputy Director Wealthy Accelerated Response","HM Revenue and Customs","HM Revenue and Customs","Customer Compliance","0300 200 3300","contactUs@hmrc.gov.uk","OD306","1932430","1.00","N/A","N/A","","Government Tax Profession","Yorkshire and The Humber","nan","1.00"
"OD1098","Richard Forster","SCS2","Director of Customer Registration and Record Management","Director of Customer Registration and Record Management","HM Revenue and Customs","HM Revenue and Customs","Customer Services","0300 200 3300","contactUs@hmrc.gov.uk","OD103","258792","0.70","140000","140000","","Operational Delivery Profession","West Midlands","Reporting To Costs Escalated to OD103","1.00"
"OD1099","N/D","SCS1","Deputy Director of Customer Registration and Records Management","Deputy Director of Customer Registration and Records Management","HM Revenue and Customs","HM Revenue and Customs","Customer Services","0300 200 3300","contactUs@hmrc.gov.uk","OD1098","503608","1.00","N/A","N/A","","Operational Delivery Profession","Yorkshire and The Humber","nan","1.00"
"OD1100","Vacant","SCS1","Deputy Director of Design and Journey","Deputy Director of Design and Journey","HM Revenue and Customs","HM Revenue and Customs","Customer Services","N/A","N/A","OD101","0","1.00","N/A","N/A","","Other","Unknown","Post became vacant on 02/04/2025","1.00"
"OD1101","Eliminated","SCS1","Programme Director EcRM (&UCR)","Programme Director EcRM (&UCR)","HM Revenue and Customs","HM Revenue and Customs","Change Delivery Group","N/A","N/A","OD101","0","1.00","N/A","N/A","","Other","Unknown","Post eliminated from 24/03/2026","1.00"
"OD1102T","N/D","SCS1","N/A - in unapproved role - see notes","N/A - in unapproved role - see notes","HM Revenue and Customs","HM Revenue and Customs","Enterprise Transformation Group","0300 200 3300","contactUs@hmrc.gov.uk","OD705","459341","1.00","N/A","N/A","","Digital, Data and Technology Professions","Wales","nan","1.00"
"OD1103T","N/D","SCS1","Service Owner - Platform","Service Owner - Platform","HM Revenue and Customs","HM Revenue and Customs","Chief Digital & Information Officer","0300 200 3300","contactUs@hmrc.gov.uk","OD695","1913991","1.00","N/A","N/A","","Digital, Data and Technology Professions","London","nan","1.00"
"OD1104","Carolyn Pratley","SCS2","Director Customer Management Programmes","Director Customer Management Programmes","HM Revenue and Customs","HM Revenue and Customs","Change Delivery Group","0300 200 3300","contactUs@hmrc.gov.uk","OD989","439082","1.00","130000","130000","","Project Delivery Profession","London","nan","1.00"
"OD1105","N/D","SCS1","Deputy Director Corporation Tax Strategy and Transformation","Deputy Director Corporation Tax Strategy and Transformation","HM Revenue and Customs","HM Revenue and Customs","Customer Strategy & Tax Design","0300 200 3300","contactUs@hmrc.gov.uk","OD136","696584","1.00","N/A","N/A","","Government Tax Profession","London","nan","1.00"
"OD1106","Peter Walsh","SCS2","Programme Director for eCRM","Programme Director for eCRM","HM Revenue and Customs","HM Revenue and Customs","Change Delivery Group","0300 200 3300","contactUs@hmrc.gov.uk","OD989","2189594","1.00","110000","110000","","Project Delivery Profession","North East","nan","1.00"
"OD1107","N/D","SCS1","Deputy Director, Risk & Intelligence Service – Head of RIS Data and Risking Services","Deputy Director, Risk & Intelligence Service – Head of RIS Data and Risking Services","HM Revenue and Customs","HM Revenue and Customs","Customer Compliance","0300 200 3300","contactUs@hmrc.gov.uk","OD273","4817841","1.00","N/A","N/A","","Digital, Data and Technology Professions","London","nan","1.00"
"OD1108T","Vacant","SCS1","Deputy Director Strategy & Implementation","Deputy Director Strategy & Implementation","HM Revenue and Customs","HM Revenue and Customs","Change Delivery Group","N/A","N/A","OD101","0","1.00","N/A","N/A","","Other","Unknown","Post became vacant on 01/05/2025","1.00"
"OD1109","N/D","SCS1","Deputy Director Financial Management and Control (FMC)","Deputy Director Financial Management and Control (FMC)","HM Revenue and Customs","HM Revenue and Customs","Customer Compliance","0300 200 3300","contactUs@hmrc.gov.uk","OD562","3166111","1.00","N/A","N/A","","Government Finance Profession","North West","nan","1.00"
"OD1110T","Vacant","SCS1","Programme Manager","Programme Manager","HM Revenue and Customs","HM Revenue and Customs","Customer Services","N/A","N/A","OD101","0","1.00","N/A","N/A","","Other","Unknown","Post became vacant on 02/05/2025","1.00"
"OD1111","N/D","SCS1","Deputy Director Service Portfolio","Deputy Director Service Portfolio","HM Revenue and Customs","HM Revenue and Customs","Chief Digital & Information Officer","0300 200 3300","contactUs@hmrc.gov.uk","OD977","1226893","1.00","N/A","N/A","","Government Finance Profession","West Midlands","nan","1.00"
"OD1112","N/D","SCS1","Proramme Director Registration and Record Management","Proramme Director Registration and Record Management","HM Revenue and Customs","HM Revenue and Customs","Change Delivery Group","0300 200 3300","contactUs@hmrc.gov.uk","OD1104","2236465","1.00","N/A","N/A","","Project Delivery Profession","Scotland","nan","1.00"
"OD1113","N/D","SCS1","Programmr Director DMS Integration","Programmr Director DMS Integration","HM Revenue and Customs","HM Revenue and Customs","Change Delivery Group","0300 200 3300","contactUs@hmrc.gov.uk","OD543","3187858","1.00","N/A","N/A","","Project Delivery Profession","Wales","nan","1.00"
"OD1114","N/D","SCS1","Pogramme Director DMS Delivery","Pogramme Director DMS Delivery","HM Revenue and Customs","HM Revenue and Customs","Change Delivery Group","0300 200 3300","contactUs@hmrc.gov.uk","OD543","2512057","1.00","N/A","N/A","","Digital, Data and Technology Professions","Northern Ireland","nan","1.00"
"OD1115","N/D","SCS1","Deputy Director Business Service Owner for HMRC Digital Services","Deputy Director Business Service Owner for HMRC Digital Services","HM Revenue and Customs","HM Revenue and Customs","Customer Services","0300 200 3300","contactUs@hmrc.gov.uk","OD931","1353968","1.00","N/A","N/A","","Operational Delivery Profession","Scotland","nan","1.00"
"OD1117","N/D","SCS1","DD Capability Design, Curriculum & Content","DD Capability Design, Curriculum & Content","HM Revenue and Customs","HM Revenue and Customs","Customer Compliance","0300 200 3300","contactUs@hmrc.gov.uk","OD1092","5291162","1.00","N/A","N/A","","Operational Delivery Profession","West Midlands","nan","1.00"
"OD1118","N/D","SCS1","Deputy Director Strategy, Performance & Change","Deputy Director Strategy, Performance & Change","HM Revenue and Customs","HM Revenue and Customs","Customer Compliance","0300 200 3300","contactUs@hmrc.gov.uk","OD1092","884333","1.00","N/A","N/A","","Government Tax Profession","London","nan","1.00"
"OD1119","N/D","SCS1","DD Learning Delivery and Professional Development","DD Learning Delivery and Professional Development","HM Revenue and Customs","HM Revenue and Customs","Customer Compliance","0300 200 3300","contactUs@hmrc.gov.uk","OD1092","81257977","1.00","N/A","N/A","","Operational Delivery Profession","Yorkshire and The Humber","nan","1.00"
"OD1120T","N/D","SCS1","DD Learning and Talent Operations","DD Learning and Talent Operations","HM Revenue and Customs","HM Revenue and Customs","People and Place Group","0300 200 3300","contactUs@hmrc.gov.uk","OD990T","1754277","1.00","N/A","N/A","","Human Resources Profession","Wales","nan","1.00"
"OD1121","Joanne Bradshaw","SCS2","Senior Responsible Owner (SRO) Managing CCG Effectively","Senior Responsible Owner (SRO) Managing CCG Effectively","HM Revenue and Customs","HM Revenue and Customs","Customer Compliance","0300 200 3300","contactUs@hmrc.gov.uk","OD768","750518","1.00","110000","110000","","Other","North West","nan","1.00"
"OD1122","N/D","SCS1","Deputy Director Customer Registration & Records Management – Identity Fraud Prevention","Deputy Director Customer Registration & Records Management – Identity Fraud Prevention","HM Revenue and Customs","HM Revenue and Customs","Customer Services","0300 200 3300","contactUs@hmrc.gov.uk","OD1098","265733","1.00","N/A","N/A","","Policy Profession","London","nan","1.00"
"OD1123","N/D","SCS1","Deputy Director HMRC TOM","Deputy Director HMRC TOM","HM Revenue and Customs","HM Revenue and Customs","Enterprise Transformation Group","0300 200 3300","contactUs@hmrc.gov.uk","OD1162","598301","1.00","N/A","N/A","","Other","West Midlands","nan","1.00"
"OD1124","N/D","SCS1","DD Unity Technology Design and Transformation","DD Unity Technology Design and Transformation","HM Revenue and Customs","HM Revenue and Customs","Chief Digital & Information Officer","0300 200 3300","contactUs@hmrc.gov.uk","OD1003","0","1.00","N/A","N/A","","Other","Scotland","nan","1.00"
"OD1125","N/D","SCS1","SRO Complex Customer Management","SRO Complex Customer Management","HM Revenue and Customs","HM Revenue and Customs","Customer Compliance","0300 200 3300","contactUs@hmrc.gov.uk","OD768","853474","1.00","N/A","N/A","","Operational Delivery Profession","Wales","nan","1.00"
"OD1126","N/D","SCS1","DD Supplier Relationship Management","DD Supplier Relationship Management","HM Revenue and Customs","HM Revenue and Customs","Chief Digital & Information Officer","0300 200 3300","contactUs@hmrc.gov.uk","OD977","3077524","0.94","N/A","N/A","","Operational Delivery Profession","Northern Ireland","nan","1.00"
"OD1127","N/D","SCS1","Programme Director Data Centre Exit","Programme Director Data Centre Exit","HM Revenue and Customs","HM Revenue and Customs","Change Delivery Group","0300 200 3300","contactUs@hmrc.gov.uk","OD892","514413","1.00","N/A","N/A","","Project Delivery Profession","London","nan","1.00"
"OD1128","N/D","SCS1","Deputy Director, Strategic Performance","Deputy Director, Strategic Performance","HM Revenue and Customs","HM Revenue and Customs","People and Place Group","0300 200 3300","contactUs@hmrc.gov.uk","OD1041","357294","1.00","N/A","N/A","","Government Property Profession","North West","nan","1.00"
"OD1129","Robert MacFarlane","SCS2","Director Operational Resilience","Director Operational Resilience","HM Revenue and Customs","HM Revenue and Customs","Chief Digital & Information Officer","0300 200 3300","contactUs@hmrc.gov.uk","OD107","87612","1.00","120000","120000","","Other","North East","Reporting To Costs Escalated to OD107","1.00"
"OD1130T","N/D","SCS1","Deputy Director Tax Debt Strategy","Deputy Director Tax Debt Strategy","HM Revenue and Customs","HM Revenue and Customs","Customer Services","0300 200 3300","contactUs@hmrc.gov.uk","OD277","412094","1.00","N/A","N/A","","Policy Profession","London","nan","1.00"
"OD1131T","N/D","SCS1","Wealthy Study Lead","Wealthy Study Lead","HM Revenue and Customs","HM Revenue and Customs","Customer Compliance","0300 200 3300","contactUs@hmrc.gov.uk","OD306","111676","1.00","N/A","N/A","","Operational Delivery Profession","North West","Reporting To Costs Escalated to OD306","1.00"
"OD1132T","N/D","SCS1","Policy Driven Change Portfolio Director","Policy Driven Change Portfolio Director","HM Revenue and Customs","HM Revenue and Customs","Customer Strategy & Tax Design","0300 200 3300","contactUs@hmrc.gov.uk","OD418","1087791","0.56","N/A","N/A","","Project Delivery Profession","London","nan","1.00"
"OD1133T","N/D","SCS1","Deputy Director Compliance Design Lead","Deputy Director Compliance Design Lead","HM Revenue and Customs","HM Revenue and Customs","Customer Compliance","0300 200 3300","contactUs@hmrc.gov.uk","OD185","0","1.00","N/A","N/A","","Policy Profession","London","nan","1.00"
"OD1134","Vacant","SCS1","Intelligence Management Ecosystem (IME) Programme Director","Intelligence Management Ecosystem (IME) Programme Director","HM Revenue and Customs","HM Revenue and Customs","Change Delivery Group","N/A","N/A","OD101","0","1.00","N/A","N/A","","Other","Unknown","Post became vacant on 16/10/2025","1.00"
"OD1135T","N/D","SCS1","DD Organisational Design and Workforce Transformation (HR Function)","DD Organisational Design and Workforce Transformation (HR Function)","HM Revenue and Customs","HM Revenue and Customs","People and Place Group","0300 200 3300","contactUs@hmrc.gov.uk","OD1136T","171781","1.00","N/A","N/A","","Human Resources Profession","London","Reporting To Costs Escalated to OD1136T","1.00"
"OD1136T","Phil North","SCS2","Director of HR Transformation - Operating Model & Unity Implementation","Director of HR Transformation - Operating Model & Unity Implementation","HM Revenue and Customs","HM Revenue and Customs","People and Place Group","0300 200 3300","contactUs@hmrc.gov.uk","OD108","4504695","1.00","100000","100000","","Human Resources Profession","North East","nan","1.00"
"OD1137T","N/D","SCS1","Deputy Director Innovation Strategy","Deputy Director Innovation Strategy","HM Revenue and Customs","HM Revenue and Customs","Enterprise Transformation Group","0300 200 3300","contactUs@hmrc.gov.uk","OD835","0","1.00","N/A","N/A","","Other","London","nan","1.00"
"OD1138","N/D","SCS1","Programme Director Risk Identification, Operations and AI","Programme Director Risk Identification, Operations and AI","HM Revenue and Customs","HM Revenue and Customs","Customer Compliance","0300 200 3300","contactUs@hmrc.gov.uk","OD1121","1109895","1.00","N/A","N/A","","Other","London","nan","1.00"
"OD1139","N/D","SCS1","Programme Director for Third Party Data Ingestion (TPDI) & Counter Criminal Capabilities (CCC)","Programme Director for Third Party Data Ingestion (TPDI) & Counter Criminal Capabilities (CCC)","HM Revenue and Customs","HM Revenue and Customs","Customer Compliance","0300 200 3300","contactUs@hmrc.gov.uk","OD1104","849045","1.00","N/A","N/A","","Project Delivery Profession","South East","nan","1.00"
"OD1140T","N/D","SCS1","HR Director for Enterprise Transformation Group, Customer Strategy and Tax Design","HR Director for Enterprise Transformation Group, Customer Strategy and Tax Design","HM Revenue and Customs","HM Revenue and Customs","People and Place Group","0300 200 3300","contactUs@hmrc.gov.uk","OD108","456606","1.00","N/A","N/A","","Human Resources Profession","London","nan","1.00"
"OD1141","Sara Ace","SCS2","Director HMRC CSR Programme","Director HMRC CSR Programme","HM Revenue and Customs","HM Revenue and Customs","People and Place Group","0300 200 3300","contactUs@hmrc.gov.uk","OD108","1922731","1.00","105000","105000","","Human Resources Profession","London","nan","1.00"
"OD1142","N/D","SCS1","Director, Volume Compliance and Shared Operations","Director, Volume Compliance and Shared Operations","HM Revenue and Customs","HM Revenue and Customs","Customer Compliance","0300 200 3300","contactUs@hmrc.gov.uk","OD595","26757949","1.00","N/A","N/A","","Government Tax Profession","North East","nan","1.00"
"OD1143","Kevin Hubbard","SCS2","Director ISBC 2 -Director, Small Business & Individuals","Director ISBC 2 -Director, Small Business & Individuals","HM Revenue and Customs","HM Revenue and Customs","Customer Compliance","0300 200 3300","contactUs@hmrc.gov.uk","OD106","1038530","1.00","110000","110000","","Operational Delivery Profession","East Midlands","nan","1.00"
"OD1144","N/D","SCS1","Complex Customer Management Programme Director","Complex Customer Management Programme Director","HM Revenue and Customs","HM Revenue and Customs","Customer Compliance","0300 200 3300","contactUs@hmrc.gov.uk","OD1125","925030","1.00","N/A","N/A","","Project Delivery Profession","South East","nan","1.00"
"OD1145T","Vacant","SCS1","Programme Director (VOA to HMRC)","Programme Director (VOA to HMRC)","HM Revenue and Customs","HM Revenue and Customs","People and Place Group","N/A","N/A","OD101","0","1.00","N/A","N/A","","Other","Unknown","Post became vacant on 19/11/2025","1.00"
"OD1146","N/D","SCS1","DD Compliance Large Business South & Wales","DD Compliance Large Business South & Wales","HM Revenue and Customs","HM Revenue and Customs","Customer Compliance","0300 200 3300","contactUs@hmrc.gov.uk","OD220","0","1.00","N/A","N/A","","Government Tax Profession","Wales","nan","1.00"
"OD1147","N/D","SCS1","Deputy Director Corporate Centre - Volume Compliance & Shared Operations (VCSO)","Deputy Director Corporate Centre - Volume Compliance & Shared Operations (VCSO)","HM Revenue and Customs","HM Revenue and Customs","Customer Compliance","0300 200 3300","contactUs@hmrc.gov.uk","OD273","4982576","1.00","N/A","N/A","","Operational Delivery Profession","West Midlands","nan","1.00"
"OD1148","N/D","SCS1","Programme Director People Capability","Programme Director People Capability","HM Revenue and Customs","HM Revenue and Customs","Customer Compliance","0300 200 3300","contactUs@hmrc.gov.uk","OD1121","527589","1.00","N/A","N/A","","Government Tax Profession","London","nan","1.00"
"OD1149","Vacant","SCS1","Deputy Director cross cutting","Deputy Director cross cutting","HM Revenue and Customs","HM Revenue and Customs","Customer Compliance","N/A","N/A","OD101","0","1.00","N/A","N/A","","Other","Unknown","Post became vacant on 04/12/2025","1.00"
"OD1150T","N/D","SCS1","Deputy Director Wealthy Compliance","Deputy Director Wealthy Compliance","HM Revenue and Customs","HM Revenue and Customs","Customer Compliance","0300 200 3300","contactUs@hmrc.gov.uk","OD306","0","1.00","N/A","N/A","","Government Tax Profession","Yorkshire and The Humber","nan","1.00"
"OD1151","Vacant","SCS1","Technical Service Owner","Technical Service Owner","HM Revenue and Customs","HM Revenue and Customs","Chief Digital & Information Officer","N/A","N/A","OD101","0","1.00","N/A","N/A","","Other","Unknown","Post became vacant on 13/02/2026","1.00"
"OD1153T","N/D","SCS1","Change Delivery Group - Customer Management Cluster","Change Delivery Group - Customer Management Cluster","HM Revenue and Customs","HM Revenue and Customs","Change Delivery Group","0300 200 3300","contactUs@hmrc.gov.uk","OD1106","1005836","1.00","N/A","N/A","","Project Delivery Profession","London","nan","1.00"
"OD1154","Vacant","SCS1","Deputy Director Policy and Strategy","Deputy Director Policy and Strategy","HM Revenue and Customs","HM Revenue and Customs","Customer Compliance","N/A","N/A","OD101","0","1.00","N/A","N/A","","Other","Unknown","Post became vacant on 20/01/2026","1.00"
"OD1155","N/D","SCS1","Data Protection Remediation Programme Director","Data Protection Remediation Programme Director","HM Revenue and Customs","HM Revenue and Customs","People and Place Group","0300 200 3300","contactUs@hmrc.gov.uk","OD252","0","1.00","N/A","N/A","","Project Delivery Profession","North East","nan","1.00"
"OD1156","N/D","SCS1","Deputy Director Shared Operations (VC&SO)","Deputy Director Shared Operations (VC&SO)","HM Revenue and Customs","HM Revenue and Customs","Customer Compliance","0300 200 3300","contactUs@hmrc.gov.uk","OD204","22304787","1.00","N/A","N/A","","Government Tax Profession","East Midlands","nan","1.00"
"OD1157T","Vacant","SCS1","Deputy Director, Strategic Change Model Implementation","Deputy Director, Strategic Change Model Implementation","HM Revenue and Customs","HM Revenue and Customs","Borders & Trade","N/A","N/A","OD101","0","1.00","N/A","N/A","","Other","Unknown","Post became vacant on 05/02/2026","1.00"
"OD1158T","Vacant","SCS1","Programme Director Unity Programme","Programme Director Unity Programme","HM Revenue and Customs","HM Revenue and Customs","People and Place Group","N/A","N/A","OD101","0","1.00","N/A","N/A","","Other","Unknown","Post became vacant on 02/03/2026","1.00"
"OD1159T","Vacant","SCS1","Deputy Director Risk, Readiness and Response","Deputy Director Risk, Readiness and Response","HM Revenue and Customs","HM Revenue and Customs","Chief Digital & Information Officer","N/A","N/A","OD101","0","1.00","N/A","N/A","","Other","Unknown","Post became vacant on 20/02/2026","1.00"
"OD1160T","Vacant","SCS1","Deputy Director Operational Resilience","Deputy Director Operational Resilience","HM Revenue and Customs","HM Revenue and Customs","Chief Digital & Information Officer","N/A","N/A","OD101","0","1.00","N/A","N/A","","Other","Unknown","Post became vacant on 24/03/2026","1.00"
"OD1161T","Vacant","SCS1","Director Test, Learn and Grow","Director Test, Learn and Grow","HM Revenue and Customs","HM Revenue and Customs","Change Delivery Group","N/A","N/A","OD101","0","1.00","N/A","N/A","","Other","Unknown","Post became vacant on 27/02/2026","1.00"
"OD1162","Colin Stewart","SCS2","Director Legacy Clearance & Backlog Reduction","Director Legacy Clearance & Backlog Reduction","HM Revenue and Customs","HM Revenue and Customs","Enterprise Transformation Group","0300 200 3300","contactUs@hmrc.gov.uk","OD835","200340","1.00","115000","115000","","Other","Yorkshire and The Humber","Reporting To Costs Escalated to OD835","1.00"
"OD1163T","Vacant","SCS1","Director and SRO for Customer Transformation Programmes in CSG","Director and SRO for Customer Transformation Programmes in CSG","HM Revenue and Customs","HM Revenue and Customs","Customer Services","N/A","N/A","OD101","0","1.00","N/A","N/A","","Other","Unknown","Post became vacant on 11/03/2026","1.00"
"OD1164","N/D","SCS1","DD Corporate Centre - Small Business & Individuals (SB&I)","DD Corporate Centre - Small Business & Individuals (SB&I)","HM Revenue and Customs","HM Revenue and Customs","Customer Compliance","0300 200 3300","contactUs@hmrc.gov.uk","OD204","3693662","1.00","N/A","N/A","","Government Tax Profession","West Midlands","nan","1.00"
"OD1166T","N/D","SCS1","Deputy Director Compliance – Design Lead","Deputy Director Compliance – Design Lead","HM Revenue and Customs","HM Revenue and Customs","Customer Compliance","0300 200 3300","contactUs@hmrc.gov.uk","OD595","98681","0.94","N/A","N/A","","Policy Profession","London","Reporting To Costs Escalated to OD595","1.00"
"0","N/D","SCS2","Not in post","Not in post","HM Revenue and Customs","HM Revenue and Customs","People and Place Group","N/A","N/A","OD108","0","0.84","120000","120000","","Human Resources Profession","London","nan","1.00"
"0","N/D","SCS2","Not in post","Not in post","HM Revenue and Customs","HM Revenue and Customs","Customer Services","N/A","N/A","OD103","0","1.00","130000","130000","","Other","West Midlands","nan","1.00"
"0","N/D","SCS2","Not in post","Not in post","HM Revenue and Customs","HM Revenue and Customs","Customer Compliance","N/A","N/A","OD106","0","1.00","140000","140000","","Other","Unknown","nan","1.00"
"0","N/D","SCS1","Not in post","Not in post","HM Revenue and Customs","HM Revenue and Customs","Customer Compliance","N/A","N/A","OD721","0","1.00","N/A","N/A","","Government Tax Profession","North West","nan","1.00"
"0","N/D","SCS1","Not in post","Not in post","HM Revenue and Customs","HM Revenue and Customs","People and Place Group","N/A","N/A","OD1141","0","1.00","N/A","N/A","","Project Delivery Profession","North East","nan","1.00"
"0","N/D","SCS1","Not in post","Not in post","HM Revenue and Customs","HM Revenue and Customs","Customer Compliance","N/A","N/A","OD532","0","1.00","N/A","N/A","","Government Tax Profession","Scotland","nan","1.00"
"0","N/D","SCS1","Not in post","Not in post","HM Revenue and Customs","HM Revenue and Customs","Customer Strategy & Tax Design","N/A","N/A","OD136","0","1.00","N/A","N/A","","Government Tax Profession","London","nan","1.00"
"0","N/D","SCS1","Not in post","Not in post","HM Revenue and Customs","HM Revenue and Customs","Chief Finance Officer Group","N/A","N/A","OD794","0","1.00","N/A","N/A","","Government Finance Profession","London","nan","1.00"
"0","N/D","SCS1","Not in post","Not in post","HM Revenue and Customs","HM Revenue and Customs","Borders & Trade","N/A","N/A","OD618","0","1.00","N/A","N/A","","Government Tax Profession","London","nan","1.00"
"0","N/D","SCS1","Not in post","Not in post","HM Revenue and Customs","HM Revenue and Customs","Change Delivery Group","N/A","N/A","OD151","0","1.00","N/A","N/A","","Project Delivery Profession","North West","nan","1.00"
"0","N/D","SCS1","Not in post","Not in post","HM Revenue and Customs","HM Revenue and Customs","Customer Services","N/A","N/A","OD644","0","1.00","N/A","N/A","","Project Delivery Profession","North West","nan","1.00"
"0","N/D","SCS1","Not in post","Not in post","HM Revenue and Customs","HM Revenue and Customs","Customer Services","N/A","N/A","OD523","0","1.00","N/A","N/A","","Government Finance Profession","London","nan","1.00"
"0","N/D","SCS1","Not in post","Not in post","HM Revenue and Customs","HM Revenue and Customs","People and Place Group","N/A","N/A","OD1017","0","1.00","N/A","N/A","","Project Delivery Profession","North West","nan","1.00"
"0","N/D","SCS1","Not in post","Not in post","HM Revenue and Customs","HM Revenue and Customs","People and Place Group","N/A","N/A","OD1041","0","1.00","N/A","N/A","","Government Property Profession","Wales","nan","1.00"
"0","N/D","SCS1","Not in post","Not in post","HM Revenue and Customs","HM Revenue and Customs","Enterprise Transformation Group","N/A","N/A","OD705","0","1.00","N/A","N/A","","Digital, Data and Technology Professions","South West","nan",""
"0","N/D","SCS1","Not in post","Not in post","HM Revenue and Customs","HM Revenue and Customs","Chief Digital & Information Officer","N/A","N/A","OD420","0","1.00","N/A","N/A","","Project Delivery Profession","Yorkshire and The Humber","nan",""
"0","N/D","SCS1","Not in post","Not in post","HM Revenue and Customs","HM Revenue and Customs","Customer Strategy & Tax Design","N/A","N/A","OD722","0","1.00","N/A","N/A","","Policy Profession","London","nan",""
"0","N/D","SCS1","Not in post","Not in post","HM Revenue and Customs","HM Revenue and Customs","Customer Services","N/A","N/A","OD230","0","1.00","N/A","N/A","","Operational Delivery Profession","Wales","nan",""
